<?xml version="1.0" encoding="UTF-8"?>
<java version="1.8.0" class="java.beans.XMLDecoder">
 <object class="com.q1labs.reporting.ReportTemplate" id="ReportTemplate0">
  <void property="author">
   <string>admin</string>
  </void>
  <void property="charts">
   <array class="com.q1labs.reporting.Chart" length="3">
    <void index="0">
     <object class="com.q1labs.reporting.charts.ArielChart">
      <void property="chartId">
       <string>7b88f050-029a-419b-921a-757356347689</string>
      </void>
      <void property="customViewParamId">
       <string>66a99564-1276-4111-a988-5a7f6b359f84</string>
      </void>
      <void property="limit">
       <int>20</int>
      </void>
      <void property="name">
       <string>Events/Logs</string>
      </void>
      <void property="numberOfSamples">
       <int>96</int>
      </void>
      <void property="reportTemplate">
       <object idref="ReportTemplate0"/>
      </void>
      <void property="subTitle">
       <string>##**I*A*N**##</string>
      </void>
      <void property="timeFrom">
       <object class="java.util.Date">
        <long>979538400271</long>
       </object>
      </void>
      <void property="timeTo">
       <object class="java.util.Date">
        <long>979624800271</long>
       </object>
      </void>
      <void property="title">
       <string>IDP/IDS Activity by Rule</string>
      </void>
      <void property="type">
       <object class="java.lang.Enum" id="ChartType$Type0" method="valueOf">
        <class>com.q1labs.reporting.ChartType$Type</class>
        <string>Stacked_Bar</string>
       </object>
      </void>
      <void property="typeId">
       <int>6</int>
      </void>
     </object>
    </void>
    <void index="1">
     <object class="com.q1labs.reporting.charts.ArielChart">
      <void property="chartId">
       <string>91c9c49a-ab17-4daf-bf9f-69c28780693b</string>
      </void>
      <void property="customViewParamId">
       <string>DEFAULT-2</string>
      </void>
      <void property="limit">
       <int>20</int>
      </void>
      <void property="name">
       <string>Events/Logs</string>
      </void>
      <void property="numberOfSamples">
       <int>96</int>
      </void>
      <void property="reportTemplate">
       <object idref="ReportTemplate0"/>
      </void>
      <void property="subTitle">
       <string>##**I*A*N**##</string>
      </void>
      <void property="timeFrom">
       <object class="java.util.Date">
        <long>979538400272</long>
       </object>
      </void>
      <void property="timeTo">
       <object class="java.util.Date">
        <long>979624800272</long>
       </object>
      </void>
      <void property="title">
       <string>IDP/IDS Activity by Destination IP</string>
      </void>
      <void property="type">
       <object idref="ChartType$Type0"/>
      </void>
      <void property="typeId">
       <int>6</int>
      </void>
     </object>
    </void>
    <void index="2">
     <object class="com.q1labs.reporting.charts.ArielChart">
      <void property="chartId">
       <string>fb8570af-ed77-4443-a190-8cac0416ccca</string>
      </void>
      <void property="customViewParamId">
       <string>DEFAULT-1</string>
      </void>
      <void property="limit">
       <int>10</int>
      </void>
      <void property="name">
       <string>Events/Logs</string>
      </void>
      <void property="numberOfSamples">
       <int>96</int>
      </void>
      <void property="reportTemplate">
       <object idref="ReportTemplate0"/>
      </void>
      <void property="subTitle">
       <string>##**I*A*N**##</string>
      </void>
      <void property="timeFrom">
       <object class="java.util.Date">
        <long>979538400273</long>
       </object>
      </void>
      <void property="timeTo">
       <object class="java.util.Date">
        <long>979624800273</long>
       </object>
      </void>
      <void property="title">
       <string>IDP/IDS Activity by Geography</string>
      </void>
      <void property="type">
       <object idref="ChartType$Type0"/>
      </void>
      <void property="typeId">
       <int>6</int>
      </void>
     </object>
    </void>
   </array>
  </void>
  <void property="creationTime">
   <long>1284382319000</long>
  </void>
  <void property="descrition">
   <string>The IDP-IDS Activity Summary reports displays activity from your IDP and IDS devices being monitored on the network.</string>
  </void>
  <void property="editMap">
   <object class="java.util.HashMap">
    <void method="put">
     <string>formatPDF</string>
     <string>PDF</string>
    </void>
    <void method="put">
     <string>headerLogo</string>
     <string>default.png</string>
    </void>
    <void method="put">
     <string>default_weekly_endday</string>
     <string>1</string>
    </void>
    <void method="put">
     <string>default_fromDate</string>
     <string>2007-08-15</string>
    </void>
    <void method="put">
     <string>hourly_fromAmPm</string>
     <string>AM</string>
    </void>
    <void method="put">
     <string>allowManualRun</string>
     <string>true</string>
    </void>
    <void method="put">
     <string>default_monthly_scheduletype</string>
     <string>all</string>
    </void>
    <void method="put">
     <string>emailAddresses</string>
     <string></string>
    </void>
    <void method="put">
     <string>default_weekly_startday</string>
     <string>1</string>
    </void>
    <void method="put">
     <string>monthly_AmPm</string>
     <string>AM</string>
    </void>
    <void method="put">
     <string>hourly_toAmPm</string>
     <string>AM</string>
    </void>
    <void method="put">
     <string>hourly_fromTime</string>
     <string>1:00</string>
    </void>
    <void method="put">
     <string>hourly_toTime</string>
     <string>1:00</string>
    </void>
    <void method="put">
     <string>default_weekly_scheduletype</string>
     <string>all</string>
    </void>
    <void method="put">
     <string>daily_AmPm</string>
     <string>AM</string>
    </void>
    <void method="put">
     <string>selectedFgroupIds</string>
     <string>10008</string>
    </void>
    <void method="put">
     <string>runReportNow</string>
     <string>runReportNow</string>
    </void>
    <void method="put">
     <string>default_monthly_startday</string>
     <string>1</string>
    </void>
    <void method="put">
     <string>daily_saturday</string>
     <string>unchecked</string>
    </void>
    <void method="put">
     <string>daily_friday</string>
     <string>checked</string>
    </void>
    <void method="put">
     <string>daily_thursday</string>
     <string>checked</string>
    </void>
    <void method="put">
     <string>layoutView</string>
     <string>portrait</string>
    </void>
    <void method="put">
     <string>scheduleType</string>
     <string>daily</string>
    </void>
    <void method="put">
     <string>daily_time</string>
     <string>1:00</string>
    </void>
    <void method="put">
     <string>templateDescription</string>
     <string>The IDP-IDS Activity Summary reports displays activity from your IDP and IDS devices being monitored on the network.</string>
    </void>
    <void method="put">
     <string>weekly_time</string>
     <string>2:00</string>
    </void>
    <void method="put">
     <string>monthly_day</string>
     <string>1</string>
    </void>
    <void method="put">
     <string>weekly_AmPm</string>
     <string>AM</string>
    </void>
    <void method="put">
     <string>default_daily_fromTime</string>
     <string>1:00</string>
    </void>
    <void method="put">
     <string>headerTitle</string>
     <string>Daily IDP-IDS Activity Summary</string>
    </void>
    <void method="put">
     <string>layoutContainers</string>
     <object class="java.util.HashMap">
      <void method="put">
       <string></string>
       <object class="java.util.HashMap">
        <void method="put">
         <string>scheduleType</string>
         <string>daily</string>
        </void>
        <void method="put">
         <string>chartType</string>
         <string></string>
        </void>
       </object>
      </void>
      <void method="put">
       <string>1</string>
       <object class="java.util.HashMap">
        <void method="put">
         <string>monthly_startday</string>
         <string>1</string>
        </void>
        <void method="put">
         <string>monthly_scheduletype</string>
         <string>all</string>
        </void>
        <void method="put">
         <string>toAmPm</string>
         <string>AM</string>
        </void>
        <void method="put">
         <string>graphList</string>
         <string>Stacked_Bar</string>
        </void>
        <void method="put">
         <string>title</string>
         <string>IDP/IDS Activity by Rule</string>
        </void>
        <void method="put">
         <string>monthly_endday</string>
         <string>1</string>
        </void>
        <void method="put">
         <string>yaxis</string>
         <string>SUM(eventCount)</string>
        </void>
        <void method="put">
         <string>selectedGroupId</string>
         <string></string>
        </void>
        <void method="put">
         <string>daily_toTime</string>
         <string>1:00</string>
        </void>
        <void method="put">
         <string>xaxis</string>
         <string>time</string>
        </void>
        <void method="put">
         <string>fromAmPm</string>
         <string>AM</string>
        </void>
        <void method="put">
         <string>fromTime</string>
         <string>1:00</string>
        </void>
        <void method="put">
         <string>topNNumber</string>
         <string>20</string>
        </void>
        <void method="put">
         <string>action</string>
         <string>none</string>
        </void>
        <void method="put">
         <string>weekly_scheduletype</string>
         <string>all</string>
        </void>
        <void method="put">
         <string>daily_toAmPm</string>
         <string>AM</string>
        </void>
        <void method="put">
         <string>toTime</string>
         <string>1:30</string>
        </void>
        <void method="put">
         <string>weekly_endday</string>
         <string>1</string>
        </void>
        <void method="put">
         <string>toDate</string>
         <string>2007-08-15</string>
        </void>
        <void method="put">
         <string>viewsDropdown</string>
         <null/>
        </void>
        <void method="put">
         <string>isValidChart</string>
         <boolean>true</boolean>
        </void>
        <void method="put">
         <string>arielQueryID</string>
         <string>66a99564-1276-4111-a988-5a7f6b359f84</string>
        </void>
        <void method="put">
         <string>fromDate</string>
         <string>2007-08-15</string>
        </void>
        <void method="put">
         <string>daily_fromTime</string>
         <string>1:00</string>
        </void>
        <void method="put">
         <string>netsTree</string>
         <null/>
        </void>
        <void method="put">
         <string>daily_scheduletype</string>
         <string>all</string>
        </void>
        <void method="put">
         <string>containerNumber</string>
         <string>1</string>
        </void>
        <void method="put">
         <string>scheduleType</string>
         <string>daily</string>
        </void>
        <void method="put">
         <string>autoSubtitle</string>
         <string>checked</string>
        </void>
        <void method="put">
         <string>subtitle</string>
         <string></string>
        </void>
        <void method="put">
         <string>width</string>
         <null/>
        </void>
        <void method="put">
         <string>chartType</string>
         <int>6</int>
        </void>
        <void method="put">
         <string>timeline</string>
         <string>15</string>
        </void>
        <void method="put">
         <string>templateContainer</string>
         <string></string>
        </void>
        <void method="put">
         <string>daily_fromAmPm</string>
         <string>AM</string>
        </void>
        <void method="put">
         <string>weekly_startday</string>
         <string>1</string>
        </void>
        <void method="put">
         <string>layersValueLocalized</string>
         <null/>
        </void>
       </object>
      </void>
      <void method="put">
       <string>2</string>
       <object class="java.util.HashMap">
        <void method="put">
         <string>monthly_startday</string>
         <string>1</string>
        </void>
        <void method="put">
         <string>monthly_scheduletype</string>
         <string>all</string>
        </void>
        <void method="put">
         <string>toAmPm</string>
         <string>AM</string>
        </void>
        <void method="put">
         <string>graphList</string>
         <string>Stacked_Bar</string>
        </void>
        <void method="put">
         <string>title</string>
         <string>IDP/IDS Activity by Destination IP</string>
        </void>
        <void method="put">
         <string>monthly_endday</string>
         <string>1</string>
        </void>
        <void method="put">
         <string>yaxis</string>
         <string>SUM(eventCount)</string>
        </void>
        <void method="put">
         <string>selectedGroupId</string>
         <string>4123</string>
        </void>
        <void method="put">
         <string>daily_toTime</string>
         <string>1:00</string>
        </void>
        <void method="put">
         <string>xaxis</string>
         <string>time</string>
        </void>
        <void method="put">
         <string>fromAmPm</string>
         <string>AM</string>
        </void>
        <void method="put">
         <string>fromTime</string>
         <string>1:00</string>
        </void>
        <void method="put">
         <string>topNNumber</string>
         <string>20</string>
        </void>
        <void method="put">
         <string>action</string>
         <string>none</string>
        </void>
        <void method="put">
         <string>weekly_scheduletype</string>
         <string>all</string>
        </void>
        <void method="put">
         <string>daily_toAmPm</string>
         <string>AM</string>
        </void>
        <void method="put">
         <string>toTime</string>
         <string>1:30</string>
        </void>
        <void method="put">
         <string>weekly_endday</string>
         <string>1</string>
        </void>
        <void method="put">
         <string>toDate</string>
         <string>2007-08-15</string>
        </void>
        <void method="put">
         <string>viewsDropdown</string>
         <null/>
        </void>
        <void method="put">
         <string>isValidChart</string>
         <boolean>true</boolean>
        </void>
        <void method="put">
         <string>arielQueryID</string>
         <string>DEFAULT-2</string>
        </void>
        <void method="put">
         <string>fromDate</string>
         <string>2007-08-15</string>
        </void>
        <void method="put">
         <string>daily_fromTime</string>
         <string>1:00</string>
        </void>
        <void method="put">
         <string>netsTree</string>
         <null/>
        </void>
        <void method="put">
         <string>daily_scheduletype</string>
         <string>all</string>
        </void>
        <void method="put">
         <string>containerNumber</string>
         <string>2</string>
        </void>
        <void method="put">
         <string>scheduleType</string>
         <string>daily</string>
        </void>
        <void method="put">
         <string>autoSubtitle</string>
         <string>checked</string>
        </void>
        <void method="put">
         <string>subtitle</string>
         <string></string>
        </void>
        <void method="put">
         <string>width</string>
         <null/>
        </void>
        <void method="put">
         <string>chartType</string>
         <int>6</int>
        </void>
        <void method="put">
         <string>timeline</string>
         <string>15</string>
        </void>
        <void method="put">
         <string>templateContainer</string>
         <string></string>
        </void>
        <void method="put">
         <string>daily_fromAmPm</string>
         <string>AM</string>
        </void>
        <void method="put">
         <string>weekly_startday</string>
         <string>1</string>
        </void>
        <void method="put">
         <string>layersValueLocalized</string>
         <null/>
        </void>
       </object>
      </void>
      <void method="put">
       <string>3</string>
       <object class="java.util.HashMap">
        <void method="put">
         <string>monthly_startday</string>
         <string>1</string>
        </void>
        <void method="put">
         <string>monthly_scheduletype</string>
         <string>all</string>
        </void>
        <void method="put">
         <string>toAmPm</string>
         <string>AM</string>
        </void>
        <void method="put">
         <string>graphList</string>
         <string>Stacked_Bar</string>
        </void>
        <void method="put">
         <string>title</string>
         <string>IDP/IDS Activity by Geography</string>
        </void>
        <void method="put">
         <string>monthly_endday</string>
         <string>1</string>
        </void>
        <void method="put">
         <string>yaxis</string>
         <string>SUM(eventCount)</string>
        </void>
        <void method="put">
         <string>selectedGroupId</string>
         <string></string>
        </void>
        <void method="put">
         <string>daily_toTime</string>
         <string>1:00</string>
        </void>
        <void method="put">
         <string>xaxis</string>
         <string>time</string>
        </void>
        <void method="put">
         <string>fromAmPm</string>
         <string>AM</string>
        </void>
        <void method="put">
         <string>fromTime</string>
         <string>1:00</string>
        </void>
        <void method="put">
         <string>topNNumber</string>
         <string>10</string>
        </void>
        <void method="put">
         <string>action</string>
         <string>none</string>
        </void>
        <void method="put">
         <string>weekly_scheduletype</string>
         <string>all</string>
        </void>
        <void method="put">
         <string>daily_toAmPm</string>
         <string>AM</string>
        </void>
        <void method="put">
         <string>toTime</string>
         <string>1:30</string>
        </void>
        <void method="put">
         <string>weekly_endday</string>
         <string>1</string>
        </void>
        <void method="put">
         <string>toDate</string>
         <string>2007-08-15</string>
        </void>
        <void method="put">
         <string>viewsDropdown</string>
         <null/>
        </void>
        <void method="put">
         <string>isValidChart</string>
         <boolean>true</boolean>
        </void>
        <void method="put">
         <string>arielQueryID</string>
         <string>DEFAULT-1</string>
        </void>
        <void method="put">
         <string>fromDate</string>
         <string>2007-08-15</string>
        </void>
        <void method="put">
         <string>daily_fromTime</string>
         <string>1:00</string>
        </void>
        <void method="put">
         <string>netsTree</string>
         <null/>
        </void>
        <void method="put">
         <string>daily_scheduletype</string>
         <string>all</string>
        </void>
        <void method="put">
         <string>containerNumber</string>
         <string>3</string>
        </void>
        <void method="put">
         <string>scheduleType</string>
         <string>daily</string>
        </void>
        <void method="put">
         <string>autoSubtitle</string>
         <string>checked</string>
        </void>
        <void method="put">
         <string>subtitle</string>
         <string></string>
        </void>
        <void method="put">
         <string>width</string>
         <null/>
        </void>
        <void method="put">
         <string>chartType</string>
         <int>6</int>
        </void>
        <void method="put">
         <string>timeline</string>
         <string>15</string>
        </void>
        <void method="put">
         <string>templateContainer</string>
         <string></string>
        </void>
        <void method="put">
         <string>daily_fromAmPm</string>
         <string>AM</string>
        </void>
        <void method="put">
         <string>weekly_startday</string>
         <string>1</string>
        </void>
        <void method="put">
         <string>layersValueLocalized</string>
         <null/>
        </void>
       </object>
      </void>
     </object>
    </void>
    <void method="put">
     <string>default_toTime</string>
     <string>1:30</string>
    </void>
    <void method="put">
     <string>default_monthly_endday</string>
     <string>1</string>
    </void>
    <void method="put">
     <string>default_daily_fromAmPm</string>
     <string>AM</string>
    </void>
    <void method="put">
     <string>daily_tuesday</string>
     <string>checked</string>
    </void>
    <void method="put">
     <string>selectedLayout</string>
     <string>P3</string>
    </void>
    <void method="put">
     <string>layoutid</string>
     <string>P3</string>
    </void>
    <void method="put">
     <string>daily_monday</string>
     <string>checked</string>
    </void>
    <void method="put">
     <string>default_daily_toAmPm</string>
     <string>AM</string>
    </void>
    <void method="put">
     <string>monthly_time</string>
     <string>2:00</string>
    </void>
    <void method="put">
     <string>templateTitle</string>
     <string>Daily IDP-IDS Activity Summary</string>
    </void>
    <void method="put">
     <string>default_toDate</string>
     <string>2007-08-15</string>
    </void>
    <void method="put">
     <string>default_selectedNets</string>
     <string></string>
    </void>
    <void method="put">
     <string>distributionQradar</string>
     <string>qradarConfig</string>
    </void>
    <void method="put">
     <string>default_fromTime</string>
     <string>1:00</string>
    </void>
    <void method="put">
     <string>daily_wednesday</string>
     <string>checked</string>
    </void>
    <void method="put">
     <string>default_daily_toTime</string>
     <string>1:00</string>
    </void>
    <void method="put">
     <string>currentContainer</string>
     <string>3</string>
    </void>
    <void method="put">
     <string>default_daily_scheduletype</string>
     <string>all</string>
    </void>
    <void method="put">
     <string>selectedSchedule</string>
     <string>daily</string>
    </void>
    <void method="put">
     <string>isEdit</string>
     <string>true</string>
    </void>
    <void method="put">
     <string>default_toAmPm</string>
     <string>AM</string>
    </void>
    <void method="put">
     <string>daily_sunday</string>
     <string>unchecked</string>
    </void>
    <void method="put">
     <string>default_fromAmPm</string>
     <string>AM</string>
    </void>
    <void method="put">
     <string>week_monthly_day</string>
     <string>monday</string>
    </void>
   </object>
  </void>
  <void property="itemUserName">
   <string>admin</string>
  </void>
  <void property="lastRunTime">
   <long>1187196399202</long>
  </void>
  <void property="layoutName">
   <string>P3</string>
  </void>
  <void property="logoFileName">
   <string>/store/reporting/reports/logos/default.png</string>
  </void>
  <void property="name">
   <string>3990b529-6268-44ae-890d-07b3818489fd</string>
  </void>
  <void property="outputType">
   <array class="com.q1labs.reporting.ReportTemplate$OutputType" length="1">
    <void index="0">
     <object class="java.lang.Enum" method="valueOf">
      <class>com.q1labs.reporting.ReportTemplate$OutputType</class>
      <string>PDF</string>
     </object>
    </void>
   </array>
  </void>
  <void property="owner">
   <string>admin</string>
  </void>
  <void property="runManually">
   <boolean>true</boolean>
  </void>
  <void property="scheduleParam">
   <object class="com.q1labs.core.shared.scheduling.SchedulerTaskParam" id="SchedulerTaskParam0">
    <void id="SchedulerTaskParam$Days0" property="days">
     <void property="_days">
      <void index="0">
       <boolean>true</boolean>
      </void>
      <void index="1">
       <boolean>true</boolean>
      </void>
      <void index="2">
       <boolean>true</boolean>
      </void>
      <void index="3">
       <boolean>true</boolean>
      </void>
      <void index="4">
       <boolean>true</boolean>
      </void>
      <void index="5">
       <boolean>true</boolean>
      </void>
      <void index="6">
       <boolean>true</boolean>
      </void>
     </void>
    </void>
    <void property="timeToStart">
     <long>1521266401271</long>
    </void>
    <void property="type">
     <object class="java.lang.Enum" method="valueOf">
      <class>com.q1labs.core.shared.scheduling.ScheduleType</class>
      <string>DAILY</string>
     </object>
    </void>
   </object>
  </void>
  <void property="title">
   <string>Daily IDP-IDS Activity Summary</string>
  </void>
 </object>
</java>
