<?xml version="1.0" encoding="UTF-8"?>
<java version="1.8.0" class="java.beans.XMLDecoder">
 <object class="com.q1labs.reporting.ReportTemplate" id="ReportTemplate0">
  <void property="author">
   <string>admin</string>
  </void>
  <void property="charts">
   <array class="com.q1labs.reporting.Chart" length="3">
    <void index="0">
     <object class="com.q1labs.reporting.charts.ArielChart">
      <void property="chartId">
       <string>58a27543-e580-4478-af35-f2a113fec939</string>
      </void>
      <void property="customViewParamId">
       <string>DEFAULT-1</string>
      </void>
      <void property="limit">
       <int>20</int>
      </void>
      <void property="name">
       <string>Events/Logs</string>
      </void>
      <void property="numberOfSamples">
       <int>7</int>
      </void>
      <void property="pieChartPercents">
       <boolean>false</boolean>
      </void>
      <void property="reportTemplate">
       <object idref="ReportTemplate0"/>
      </void>
      <void property="subTitle">
       <string>##**I*A*N**##</string>
      </void>
      <void property="timeFrom">
       <object class="java.util.Date">
        <long>979538400059</long>
       </object>
      </void>
      <void property="timeTo">
       <object class="java.util.Date">
        <long>980143200059</long>
       </object>
      </void>
      <void property="title">
       <string>Top Countries/Regions</string>
      </void>
      <void property="type">
       <object class="java.lang.Enum" id="ChartType$Type0" method="valueOf">
        <class>com.q1labs.reporting.ChartType$Type</class>
        <string>Pie</string>
       </object>
      </void>
      <void property="typeId">
       <int>6</int>
      </void>
      <void property="virtualViewReferenceID">
       <int>10092</int>
      </void>
     </object>
    </void>
    <void index="1">
     <object class="com.q1labs.reporting.charts.ArielChart">
      <void property="chartId">
       <string>01a5baef-a525-457c-9690-18392a9e2fd5</string>
      </void>
      <void property="customViewParamId">
       <string>DEFAULT-1</string>
      </void>
      <void property="limit">
       <int>20</int>
      </void>
      <void property="name">
       <string>Events/Logs</string>
      </void>
      <void property="numberOfSamples">
       <int>168</int>
      </void>
      <void property="reportTemplate">
       <object idref="ReportTemplate0"/>
      </void>
      <void property="subTitle">
       <string>##**I*A*N**##</string>
      </void>
      <void property="timeFrom">
       <object class="java.util.Date">
        <long>979538400061</long>
       </object>
      </void>
      <void property="timeTo">
       <object class="java.util.Date">
        <long>980143200061</long>
       </object>
      </void>
      <void property="title">
       <string>Data Over Time</string>
      </void>
      <void property="type">
       <object class="java.lang.Enum" id="ChartType$Type1" method="valueOf">
        <class>com.q1labs.reporting.ChartType$Type</class>
        <string>Stacked_Bar</string>
       </object>
      </void>
      <void property="typeId">
       <int>6</int>
      </void>
      <void property="virtualViewReferenceID">
       <int>10093</int>
      </void>
     </object>
    </void>
    <void index="2">
     <object class="com.q1labs.reporting.charts.ArielChart">
      <void property="chartId">
       <string>b2a9f4f0-a123-46ff-b56f-10916256705c</string>
      </void>
      <void property="customViewParamId">
       <string>DEFAULT-1</string>
      </void>
      <void property="limit">
       <int>500</int>
      </void>
      <void property="name">
       <string>Events/Logs</string>
      </void>
      <void property="numberOfSamples">
       <int>7</int>
      </void>
      <void property="reportTemplate">
       <object idref="ReportTemplate0"/>
      </void>
      <void property="subTitle">
       <string>##**I*A*N**##</string>
      </void>
      <void property="timeFrom">
       <object class="java.util.Date">
        <long>979538400064</long>
       </object>
      </void>
      <void property="timeTo">
       <object class="java.util.Date">
        <long>980143200064</long>
       </object>
      </void>
      <void property="title">
       <string>Details</string>
      </void>
      <void property="type">
       <object class="java.lang.Enum" method="valueOf">
        <class>com.q1labs.reporting.ChartType$Type</class>
        <string>Table</string>
       </object>
      </void>
      <void property="typeId">
       <int>6</int>
      </void>
      <void property="virtualViewReferenceID">
       <int>10094</int>
      </void>
     </object>
    </void>
   </array>
  </void>
  <void property="creationTime">
   <long>1285271876000</long>
  </void>
  <void property="descrition">
   <string></string>
  </void>
  <void property="editMap">
   <object class="java.util.HashMap">
    <void method="put">
     <string>formatPDF</string>
     <string>PDF</string>
    </void>
    <void method="put">
     <string>headerLogo</string>
     <string>default.png</string>
    </void>
    <void method="put">
     <string>default_weekly_endday</string>
     <string>1</string>
    </void>
    <void method="put">
     <string>default_fromDate</string>
     <string>2010-07-19</string>
    </void>
    <void method="put">
     <string>hourly_fromAmPm</string>
     <string>AM</string>
    </void>
    <void method="put">
     <string>allowManualRun</string>
     <string>true</string>
    </void>
    <void method="put">
     <string>default_monthly_scheduletype</string>
     <string>all</string>
    </void>
    <void method="put">
     <string>default_weekly_startday</string>
     <string>1</string>
    </void>
    <void method="put">
     <string>monthly_AmPm</string>
     <string>AM</string>
    </void>
    <void method="put">
     <string>hourly_toAmPm</string>
     <string>AM</string>
    </void>
    <void method="put">
     <string>hourly_fromTime</string>
     <string>1:00</string>
    </void>
    <void method="put">
     <string>hourly_toTime</string>
     <string>1:00</string>
    </void>
    <void method="put">
     <string>default_weekly_scheduletype</string>
     <string>all</string>
    </void>
    <void method="put">
     <string>daily_AmPm</string>
     <string>AM</string>
    </void>
    <void method="put">
     <string>selectedFgroupIds</string>
     <string>10009</string>
    </void>
    <void method="put">
     <string>runReportNow</string>
     <string>runReportNow</string>
    </void>
    <void method="put">
     <string>default_monthly_startday</string>
     <string>1</string>
    </void>
    <void method="put">
     <string>daily_saturday</string>
     <string>unchecked</string>
    </void>
    <void method="put">
     <string>daily_friday</string>
     <string>checked</string>
    </void>
    <void method="put">
     <string>daily_thursday</string>
     <string>checked</string>
    </void>
    <void method="put">
     <string>layoutView</string>
     <string>landscape</string>
    </void>
    <void method="put">
     <string>scheduleType</string>
     <string>weekly</string>
    </void>
    <void method="put">
     <string>daily_time</string>
     <string>1:00</string>
    </void>
    <void method="put">
     <string>weekly_time</string>
     <string>2:00</string>
    </void>
    <void method="put">
     <string>monthly_day</string>
     <string>1</string>
    </void>
    <void method="put">
     <string>weekly_AmPm</string>
     <string>AM</string>
    </void>
    <void method="put">
     <string>default_daily_fromTime</string>
     <string>1:00</string>
    </void>
    <void method="put">
     <string>headerTitle</string>
     <string>Top IDS/IPS Alerts by Geography (Weekly)</string>
    </void>
    <void method="put">
     <string>layoutContainers</string>
     <object class="java.util.HashMap">
      <void method="put">
       <string>1</string>
       <object class="java.util.HashMap">
        <void method="put">
         <string>container</string>
         <string>1</string>
        </void>
        <void method="put">
         <string>monthly_startday</string>
         <string>1</string>
        </void>
        <void method="put">
         <string>monthly_scheduletype</string>
         <string>all</string>
        </void>
        <void method="put">
         <string>toAmPm</string>
         <string>AM</string>
        </void>
        <void method="put">
         <string>graphList</string>
         <string>Pie</string>
        </void>
        <void method="put">
         <string>title</string>
         <string>Top Countries/Regions</string>
        </void>
        <void method="put">
         <string>monthly_endday</string>
         <string>1</string>
        </void>
        <void method="put">
         <string>yaxis</string>
         <string>SUM(eventCount)</string>
        </void>
        <void method="put">
         <string>selectedGroupId</string>
         <string>4123</string>
        </void>
        <void method="put">
         <string>daily_toTime</string>
         <string>1:00</string>
        </void>
        <void method="put">
         <string>xaxis</string>
         <string>time</string>
        </void>
        <void method="put">
         <string>fromAmPm</string>
         <string>AM</string>
        </void>
        <void method="put">
         <string>fromTime</string>
         <string>1:00</string>
        </void>
        <void method="put">
         <string>topNNumber</string>
         <string>20</string>
        </void>
        <void method="put">
         <string>action</string>
         <string>none</string>
        </void>
        <void method="put">
         <string>weekly_scheduletype</string>
         <string>all</string>
        </void>
        <void method="put">
         <string>magnitude</string>
         <string>Magnitude</string>
        </void>
        <void method="put">
         <string>daily_toAmPm</string>
         <string>AM</string>
        </void>
        <void method="put">
         <string>toTime</string>
         <string>1:30</string>
        </void>
        <void method="put">
         <string>weekly_endday</string>
         <string>1</string>
        </void>
        <void method="put">
         <string>toDate</string>
         <string>2010-07-19</string>
        </void>
        <void method="put">
         <string>viewsDropdown</string>
         <null/>
        </void>
        <void method="put">
         <string>graphTypes</string>
         <array class="com.q1labs.reporting.ChartType$Type" length="5">
          <void index="0">
           <object class="java.lang.Enum" method="valueOf">
            <class>com.q1labs.reporting.ChartType$Type</class>
            <string>Line</string>
           </object>
          </void>
          <void index="1">
           <object class="java.lang.Enum" method="valueOf">
            <class>com.q1labs.reporting.ChartType$Type</class>
            <string>Stacked_Line</string>
           </object>
          </void>
          <void index="2">
           <object class="java.lang.Enum" method="valueOf">
            <class>com.q1labs.reporting.ChartType$Type</class>
            <string>Bar</string>
           </object>
          </void>
          <void index="3">
           <object idref="ChartType$Type1"/>
          </void>
          <void index="4">
           <object idref="ChartType$Type0"/>
          </void>
         </array>
        </void>
        <void method="put">
         <string>isValidChart</string>
         <boolean>true</boolean>
        </void>
        <void method="put">
         <string>arielQueryID</string>
         <string>DEFAULT-1</string>
        </void>
        <void method="put">
         <string>chartDescr</string>
         <string>This report displays collected event/log data.</string>
        </void>
        <void method="put">
         <string>arielDatabase</string>
         <string>events</string>
        </void>
        <void method="put">
         <string>fromDate</string>
         <string>2010-07-19</string>
        </void>
        <void method="put">
         <string>daily_fromTime</string>
         <string>1:00</string>
        </void>
        <void method="put">
         <string>schedule</string>
         <string>weekly</string>
        </void>
        <void method="put">
         <string>netsTree</string>
         <null/>
        </void>
        <void method="put">
         <string>daily_scheduletype</string>
         <string>all</string>
        </void>
        <void method="put">
         <string>containerNumber</string>
         <string>1</string>
        </void>
        <void method="put">
         <string>scheduleType</string>
         <string>weekly</string>
        </void>
        <void method="put">
         <string>chartName</string>
         <string>Events/Logs</string>
        </void>
        <void method="put">
         <string>autoSubtitle</string>
         <string>checked</string>
        </void>
        <void method="put">
         <string>subtitle</string>
         <string></string>
        </void>
        <void method="put">
         <string>width</string>
         <null/>
        </void>
        <void method="put">
         <string>chartType</string>
         <int>6</int>
        </void>
        <void method="put">
         <string>timeline</string>
         <string>1440</string>
        </void>
        <void method="put">
         <string>templateContainer</string>
         <string></string>
        </void>
        <void method="put">
         <string>daily_fromAmPm</string>
         <string>AM</string>
        </void>
        <void method="put">
         <string>weekly_startday</string>
         <string>1</string>
        </void>
        <void method="put">
         <string>layersValueLocalized</string>
         <null/>
        </void>
       </object>
      </void>
      <void method="put">
       <string>2</string>
       <object class="java.util.HashMap">
        <void method="put">
         <string>monthly_startday</string>
         <string>1</string>
        </void>
        <void method="put">
         <string>monthly_scheduletype</string>
         <string>all</string>
        </void>
        <void method="put">
         <string>toAmPm</string>
         <string>AM</string>
        </void>
        <void method="put">
         <string>graphList</string>
         <string>Stacked_Bar</string>
        </void>
        <void method="put">
         <string>title</string>
         <string>Data Over Time</string>
        </void>
        <void method="put">
         <string>monthly_endday</string>
         <string>1</string>
        </void>
        <void method="put">
         <string>yaxis</string>
         <string>UniqueCount(destinationPort)</string>
        </void>
        <void method="put">
         <string>selectedGroupId</string>
         <string>4123</string>
        </void>
        <void method="put">
         <string>daily_toTime</string>
         <string>1:00</string>
        </void>
        <void method="put">
         <string>xaxis</string>
         <string>time</string>
        </void>
        <void method="put">
         <string>fromAmPm</string>
         <string>AM</string>
        </void>
        <void method="put">
         <string>fromTime</string>
         <string>1:00</string>
        </void>
        <void method="put">
         <string>topNNumber</string>
         <string>20</string>
        </void>
        <void method="put">
         <string>action</string>
         <string>none</string>
        </void>
        <void method="put">
         <string>weekly_scheduletype</string>
         <string>all</string>
        </void>
        <void method="put">
         <string>daily_toAmPm</string>
         <string>AM</string>
        </void>
        <void method="put">
         <string>toTime</string>
         <string>1:30</string>
        </void>
        <void method="put">
         <string>weekly_endday</string>
         <string>1</string>
        </void>
        <void method="put">
         <string>toDate</string>
         <string>2010-07-19</string>
        </void>
        <void method="put">
         <string>viewsDropdown</string>
         <null/>
        </void>
        <void method="put">
         <string>isValidChart</string>
         <boolean>true</boolean>
        </void>
        <void method="put">
         <string>arielQueryID</string>
         <string>DEFAULT-1</string>
        </void>
        <void method="put">
         <string>fromDate</string>
         <string>2010-07-19</string>
        </void>
        <void method="put">
         <string>daily_fromTime</string>
         <string>1:00</string>
        </void>
        <void method="put">
         <string>netsTree</string>
         <null/>
        </void>
        <void method="put">
         <string>daily_scheduletype</string>
         <string>all</string>
        </void>
        <void method="put">
         <string>containerNumber</string>
         <string>2</string>
        </void>
        <void method="put">
         <string>scheduleType</string>
         <string>weekly</string>
        </void>
        <void method="put">
         <string>autoSubtitle</string>
         <string>checked</string>
        </void>
        <void method="put">
         <string>subtitle</string>
         <string></string>
        </void>
        <void method="put">
         <string>width</string>
         <null/>
        </void>
        <void method="put">
         <string>chartType</string>
         <int>6</int>
        </void>
        <void method="put">
         <string>timeline</string>
         <string>60</string>
        </void>
        <void method="put">
         <string>templateContainer</string>
         <string></string>
        </void>
        <void method="put">
         <string>daily_fromAmPm</string>
         <string>AM</string>
        </void>
        <void method="put">
         <string>weekly_startday</string>
         <string>1</string>
        </void>
        <void method="put">
         <string>layersValueLocalized</string>
         <null/>
        </void>
       </object>
      </void>
      <void method="put">
       <string>3</string>
       <object class="java.util.HashMap">
        <void method="put">
         <string>monthly_startday</string>
         <string>1</string>
        </void>
        <void method="put">
         <string>monthly_scheduletype</string>
         <string>all</string>
        </void>
        <void method="put">
         <string>toAmPm</string>
         <string>AM</string>
        </void>
        <void method="put">
         <string>graphList</string>
         <string>Table</string>
        </void>
        <void method="put">
         <string>title</string>
         <string>Details</string>
        </void>
        <void method="put">
         <string>monthly_endday</string>
         <string>1</string>
        </void>
        <void method="put">
         <string>yaxis</string>
         <string>COUNT</string>
        </void>
        <void method="put">
         <string>selectedGroupId</string>
         <string>4123</string>
        </void>
        <void method="put">
         <string>daily_toTime</string>
         <string>1:00</string>
        </void>
        <void method="put">
         <string>xaxis</string>
         <string>Geographic Country/Region</string>
        </void>
        <void method="put">
         <string>fromAmPm</string>
         <string>AM</string>
        </void>
        <void method="put">
         <string>fromTime</string>
         <string>1:00</string>
        </void>
        <void method="put">
         <string>topNNumber</string>
         <string>500</string>
        </void>
        <void method="put">
         <string>action</string>
         <string>none</string>
        </void>
        <void method="put">
         <string>weekly_scheduletype</string>
         <string>all</string>
        </void>
        <void method="put">
         <string>daily_toAmPm</string>
         <string>AM</string>
        </void>
        <void method="put">
         <string>toTime</string>
         <string>1:30</string>
        </void>
        <void method="put">
         <string>weekly_endday</string>
         <string>1</string>
        </void>
        <void method="put">
         <string>toDate</string>
         <string>2010-07-19</string>
        </void>
        <void method="put">
         <string>viewsDropdown</string>
         <null/>
        </void>
        <void method="put">
         <string>isValidChart</string>
         <boolean>true</boolean>
        </void>
        <void method="put">
         <string>arielQueryID</string>
         <string>DEFAULT-1</string>
        </void>
        <void method="put">
         <string>fromDate</string>
         <string>2010-07-19</string>
        </void>
        <void method="put">
         <string>daily_fromTime</string>
         <string>1:00</string>
        </void>
        <void method="put">
         <string>netsTree</string>
         <null/>
        </void>
        <void method="put">
         <string>daily_scheduletype</string>
         <string>all</string>
        </void>
        <void method="put">
         <string>containerNumber</string>
         <string>3</string>
        </void>
        <void method="put">
         <string>scheduleType</string>
         <string>weekly</string>
        </void>
        <void method="put">
         <string>autoSubtitle</string>
         <string>checked</string>
        </void>
        <void method="put">
         <string>subtitle</string>
         <string></string>
        </void>
        <void method="put">
         <string>width</string>
         <null/>
        </void>
        <void method="put">
         <string>chartType</string>
         <int>6</int>
        </void>
        <void method="put">
         <string>timeline</string>
         <string>1440</string>
        </void>
        <void method="put">
         <string>templateContainer</string>
         <string></string>
        </void>
        <void method="put">
         <string>daily_fromAmPm</string>
         <string>AM</string>
        </void>
        <void method="put">
         <string>weekly_startday</string>
         <string>1</string>
        </void>
        <void method="put">
         <string>layersValueLocalized</string>
         <null/>
        </void>
       </object>
      </void>
     </object>
    </void>
    <void method="put">
     <string>default_toTime</string>
     <string>1:30</string>
    </void>
    <void method="put">
     <string>default_monthly_endday</string>
     <string>1</string>
    </void>
    <void method="put">
     <string>default_daily_fromAmPm</string>
     <string>AM</string>
    </void>
    <void method="put">
     <string>daily_tuesday</string>
     <string>checked</string>
    </void>
    <void method="put">
     <string>selectedLayout</string>
     <string>L3b</string>
    </void>
    <void method="put">
     <string>layoutid</string>
     <string>L3b</string>
    </void>
    <void method="put">
     <string>daily_monday</string>
     <string>checked</string>
    </void>
    <void method="put">
     <string>default_daily_toAmPm</string>
     <string>AM</string>
    </void>
    <void method="put">
     <string>monthly_time</string>
     <string>2:00</string>
    </void>
    <void method="put">
     <string>templateTitle</string>
     <string>Top IDS/IPS Alerts by Geography (Weekly)</string>
    </void>
    <void method="put">
     <string>default_toDate</string>
     <string>2010-07-19</string>
    </void>
    <void method="put">
     <string>default_selectedNets</string>
     <string></string>
    </void>
    <void method="put">
     <string>distributionQradar</string>
     <string>qradarConfig</string>
    </void>
    <void method="put">
     <string>default_fromTime</string>
     <string>1:00</string>
    </void>
    <void method="put">
     <string>daily_wednesday</string>
     <string>checked</string>
    </void>
    <void method="put">
     <string>default_daily_toTime</string>
     <string>1:00</string>
    </void>
    <void method="put">
     <string>currentContainer</string>
     <string>3</string>
    </void>
    <void method="put">
     <string>default_daily_scheduletype</string>
     <string>all</string>
    </void>
    <void method="put">
     <string>selectedSchedule</string>
     <string>weekly</string>
    </void>
    <void method="put">
     <string>isEdit</string>
     <string>true</string>
    </void>
    <void method="put">
     <string>default_toAmPm</string>
     <string>AM</string>
    </void>
    <void method="put">
     <string>daily_sunday</string>
     <string>unchecked</string>
    </void>
    <void method="put">
     <string>default_fromAmPm</string>
     <string>AM</string>
    </void>
    <void method="put">
     <string>week_monthly_day</string>
     <string>monday</string>
    </void>
   </object>
  </void>
  <void property="itemUserName">
   <string>admin</string>
  </void>
  <void property="layoutName">
   <string>L3b</string>
  </void>
  <void property="logoFileName">
   <string>/store/reporting/reports/logos/default.png</string>
  </void>
  <void property="name">
   <string>555440de-e9bb-4ff0-94ea-4e9581cdcba6</string>
  </void>
  <void property="outputType">
   <array class="com.q1labs.reporting.ReportTemplate$OutputType" length="1">
    <void index="0">
     <object class="java.lang.Enum" method="valueOf">
      <class>com.q1labs.reporting.ReportTemplate$OutputType</class>
      <string>PDF</string>
     </object>
    </void>
   </array>
  </void>
  <void property="owner">
   <string>admin</string>
  </void>
  <void property="runManually">
   <boolean>true</boolean>
  </void>
  <void property="scheduleParam">
   <object class="com.q1labs.core.shared.scheduling.SchedulerTaskParam" id="SchedulerTaskParam0">
    <void id="SchedulerTaskParam$Days0" property="days">
     <void property="_days">
      <void index="1">
       <boolean>true</boolean>
      </void>
     </void>
    </void>
    <void property="timeToStart">
     <long>1521270001058</long>
    </void>
    <void property="type">
     <object class="java.lang.Enum" method="valueOf">
      <class>com.q1labs.core.shared.scheduling.ScheduleType</class>
      <string>WEEKLY</string>
     </object>
    </void>
   </object>
  </void>
  <void property="scheduled">
   <boolean>true</boolean>
  </void>
  <void property="title">
   <string>Top IDS/IPS Alerts by Geography (Weekly)</string>
  </void>
 </object>
</java>
