<?xml version="1.0" encoding="UTF-8"?>
<java version="1.8.0" class="java.beans.XMLDecoder">
 <object class="com.q1labs.reporting.ReportTemplate" id="ReportTemplate0">
  <void property="author">
   <string>admin</string>
  </void>
  <void property="charts">
   <array class="com.q1labs.reporting.Chart" length="3">
    <void index="0">
     <object class="com.q1labs.reporting.charts.ArielChart">
      <void property="chartId">
       <string>57dc2b64-2c54-4572-a2e5-756b45660a6e</string>
      </void>
      <void property="customViewParamId">
       <string>83ec8164-6e0d-4f71-87da-2e86936d056b</string>
      </void>
      <void property="limit">
       <int>10</int>
      </void>
      <void property="name">
       <string>Events/Logs</string>
      </void>
      <void property="numberOfSamples">
       <int>7</int>
      </void>
      <void property="reportTemplate">
       <object idref="ReportTemplate0"/>
      </void>
      <void property="subTitle">
       <string>##**I*A*N**##</string>
      </void>
      <void property="timeFrom">
       <object class="java.util.Date">
        <long>979538400950</long>
       </object>
      </void>
      <void property="timeTo">
       <object class="java.util.Date">
        <long>980143200950</long>
       </object>
      </void>
      <void property="title">
       <string>Authentication Successful by UserName</string>
      </void>
      <void property="type">
       <object class="java.lang.Enum" id="ChartType$Type0" method="valueOf">
        <class>com.q1labs.reporting.ChartType$Type</class>
        <string>Bar</string>
       </object>
      </void>
      <void property="typeId">
       <int>6</int>
      </void>
      <void property="virtualViewReferenceID">
       <int>10110</int>
      </void>
     </object>
    </void>
    <void index="1">
     <object class="com.q1labs.reporting.charts.ArielChart">
      <void property="chartId">
       <string>0aa5ea98-5a8f-45c9-bcf5-f958d0a5d229</string>
      </void>
      <void property="customViewParamId">
       <string>7526e088-860e-4400-816e-e941837afd8e</string>
      </void>
      <void property="limit">
       <int>10</int>
      </void>
      <void property="name">
       <string>Events/Logs</string>
      </void>
      <void property="numberOfSamples">
       <int>7</int>
      </void>
      <void property="reportTemplate">
       <object idref="ReportTemplate0"/>
      </void>
      <void property="subTitle">
       <string>##**I*A*N**##</string>
      </void>
      <void property="timeFrom">
       <object class="java.util.Date">
        <long>979538400952</long>
       </object>
      </void>
      <void property="timeTo">
       <object class="java.util.Date">
        <long>980143200952</long>
       </object>
      </void>
      <void property="title">
       <string>Authentication Failed by UserName</string>
      </void>
      <void property="type">
       <object idref="ChartType$Type0"/>
      </void>
      <void property="typeId">
       <int>6</int>
      </void>
      <void property="virtualViewReferenceID">
       <int>10111</int>
      </void>
     </object>
    </void>
    <void index="2">
     <object class="com.q1labs.reporting.charts.ArielChart">
      <void property="chartId">
       <string>998dd376-4314-4820-a77f-7ff32ccc41d9</string>
      </void>
      <void property="customViewParamId">
       <string>7526e088-860e-4400-816e-e941837afd8e</string>
      </void>
      <void property="limit">
       <int>100</int>
      </void>
      <void property="name">
       <string>Events/Logs</string>
      </void>
      <void property="numberOfSamples">
       <int>7</int>
      </void>
      <void property="reportTemplate">
       <object idref="ReportTemplate0"/>
      </void>
      <void property="subTitle">
       <string>##**I*A*N**##</string>
      </void>
      <void property="timeFrom">
       <object class="java.util.Date">
        <long>979538400953</long>
       </object>
      </void>
      <void property="timeTo">
       <object class="java.util.Date">
        <long>980143200953</long>
       </object>
      </void>
      <void property="title">
       <string>Top Authentication Details by User Details</string>
      </void>
      <void property="type">
       <object class="java.lang.Enum" method="valueOf">
        <class>com.q1labs.reporting.ChartType$Type</class>
        <string>Table</string>
       </object>
      </void>
      <void property="typeId">
       <int>6</int>
      </void>
      <void property="virtualViewReferenceID">
       <int>10112</int>
      </void>
     </object>
    </void>
   </array>
  </void>
  <void property="creationTime">
   <long>1285271840000</long>
  </void>
  <void property="descrition">
   <string>The Weekly User Authentication Activity report displays the most active users on the network for the past week based on event count.</string>
  </void>
  <void property="editMap">
   <object class="java.util.HashMap">
    <void method="put">
     <string>layoutContainers</string>
     <object class="java.util.HashMap">
      <void method="put">
       <string>1</string>
       <object class="java.util.HashMap">
        <void method="put">
         <string>monthly_startday</string>
         <string>1</string>
        </void>
        <void method="put">
         <string>monthly_scheduletype</string>
         <string>all</string>
        </void>
        <void method="put">
         <string>toAmPm</string>
         <string>AM</string>
        </void>
        <void method="put">
         <string>graphList</string>
         <string>Bar</string>
        </void>
        <void method="put">
         <string>title</string>
         <string>Authentication Successful by UserName</string>
        </void>
        <void method="put">
         <string>monthly_endday</string>
         <string>1</string>
        </void>
        <void method="put">
         <string>yaxis</string>
         <string>COUNT</string>
        </void>
        <void method="put">
         <string>selectedGroupId</string>
         <string>4118</string>
        </void>
        <void method="put">
         <string>daily_toTime</string>
         <string>1:00</string>
        </void>
        <void method="put">
         <string>xaxis</string>
         <string>Username</string>
        </void>
        <void method="put">
         <string>fromAmPm</string>
         <string>AM</string>
        </void>
        <void method="put">
         <string>fromTime</string>
         <string>1:00</string>
        </void>
        <void method="put">
         <string>topNNumber</string>
         <string>10</string>
        </void>
        <void method="put">
         <string>action</string>
         <string>none</string>
        </void>
        <void method="put">
         <string>weekly_scheduletype</string>
         <string>all</string>
        </void>
        <void method="put">
         <string>daily_toAmPm</string>
         <string>AM</string>
        </void>
        <void method="put">
         <string>toTime</string>
         <string>1:30</string>
        </void>
        <void method="put">
         <string>weekly_endday</string>
         <string>1</string>
        </void>
        <void method="put">
         <string>toDate</string>
         <string>2007-08-15</string>
        </void>
        <void method="put">
         <string>viewsDropdown</string>
         <null/>
        </void>
        <void method="put">
         <string>isValidChart</string>
         <boolean>true</boolean>
        </void>
        <void method="put">
         <string>arielQueryID</string>
         <string>83ec8164-6e0d-4f71-87da-2e86936d056b</string>
        </void>
        <void method="put">
         <string>fromDate</string>
         <string>2007-08-15</string>
        </void>
        <void method="put">
         <string>daily_fromTime</string>
         <string>1:00</string>
        </void>
        <void method="put">
         <string>netsTree</string>
         <null/>
        </void>
        <void method="put">
         <string>daily_scheduletype</string>
         <string>all</string>
        </void>
        <void method="put">
         <string>containerNumber</string>
         <string>1</string>
        </void>
        <void method="put">
         <string>scheduleType</string>
         <string>weekly</string>
        </void>
        <void method="put">
         <string>autoSubtitle</string>
         <string>checked</string>
        </void>
        <void method="put">
         <string>subtitle</string>
         <string></string>
        </void>
        <void method="put">
         <string>width</string>
         <null/>
        </void>
        <void method="put">
         <string>chartType</string>
         <int>6</int>
        </void>
        <void method="put">
         <string>timeline</string>
         <string>1440</string>
        </void>
        <void method="put">
         <string>templateContainer</string>
         <string></string>
        </void>
        <void method="put">
         <string>daily_fromAmPm</string>
         <string>AM</string>
        </void>
        <void method="put">
         <string>weekly_startday</string>
         <string>1</string>
        </void>
        <void method="put">
         <string>layersValueLocalized</string>
         <null/>
        </void>
       </object>
      </void>
      <void method="put">
       <string>2</string>
       <object class="java.util.HashMap">
        <void method="put">
         <string>monthly_startday</string>
         <string>1</string>
        </void>
        <void method="put">
         <string>monthly_scheduletype</string>
         <string>all</string>
        </void>
        <void method="put">
         <string>toAmPm</string>
         <string>AM</string>
        </void>
        <void method="put">
         <string>graphList</string>
         <string>Bar</string>
        </void>
        <void method="put">
         <string>title</string>
         <string>Authentication Failed by UserName</string>
        </void>
        <void method="put">
         <string>monthly_endday</string>
         <string>1</string>
        </void>
        <void method="put">
         <string>yaxis</string>
         <string>COUNT</string>
        </void>
        <void method="put">
         <string>selectedGroupId</string>
         <string>4118</string>
        </void>
        <void method="put">
         <string>daily_toTime</string>
         <string>1:00</string>
        </void>
        <void method="put">
         <string>xaxis</string>
         <string>Username</string>
        </void>
        <void method="put">
         <string>fromAmPm</string>
         <string>AM</string>
        </void>
        <void method="put">
         <string>fromTime</string>
         <string>1:00</string>
        </void>
        <void method="put">
         <string>topNNumber</string>
         <string>10</string>
        </void>
        <void method="put">
         <string>action</string>
         <string>none</string>
        </void>
        <void method="put">
         <string>weekly_scheduletype</string>
         <string>all</string>
        </void>
        <void method="put">
         <string>daily_toAmPm</string>
         <string>AM</string>
        </void>
        <void method="put">
         <string>toTime</string>
         <string>1:30</string>
        </void>
        <void method="put">
         <string>weekly_endday</string>
         <string>1</string>
        </void>
        <void method="put">
         <string>toDate</string>
         <string>2007-08-15</string>
        </void>
        <void method="put">
         <string>viewsDropdown</string>
         <null/>
        </void>
        <void method="put">
         <string>isValidChart</string>
         <boolean>true</boolean>
        </void>
        <void method="put">
         <string>arielQueryID</string>
         <string>7526e088-860e-4400-816e-e941837afd8e</string>
        </void>
        <void method="put">
         <string>fromDate</string>
         <string>2007-08-15</string>
        </void>
        <void method="put">
         <string>daily_fromTime</string>
         <string>1:00</string>
        </void>
        <void method="put">
         <string>netsTree</string>
         <null/>
        </void>
        <void method="put">
         <string>daily_scheduletype</string>
         <string>all</string>
        </void>
        <void method="put">
         <string>containerNumber</string>
         <string>2</string>
        </void>
        <void method="put">
         <string>scheduleType</string>
         <string>weekly</string>
        </void>
        <void method="put">
         <string>autoSubtitle</string>
         <string>checked</string>
        </void>
        <void method="put">
         <string>subtitle</string>
         <string></string>
        </void>
        <void method="put">
         <string>width</string>
         <null/>
        </void>
        <void method="put">
         <string>chartType</string>
         <int>6</int>
        </void>
        <void method="put">
         <string>timeline</string>
         <string>1440</string>
        </void>
        <void method="put">
         <string>templateContainer</string>
         <string></string>
        </void>
        <void method="put">
         <string>daily_fromAmPm</string>
         <string>AM</string>
        </void>
        <void method="put">
         <string>weekly_startday</string>
         <string>1</string>
        </void>
        <void method="put">
         <string>layersValueLocalized</string>
         <null/>
        </void>
       </object>
      </void>
      <void method="put">
       <string>3</string>
       <object class="java.util.HashMap">
        <void method="put">
         <string>monthly_startday</string>
         <string>1</string>
        </void>
        <void method="put">
         <string>monthly_scheduletype</string>
         <string>all</string>
        </void>
        <void method="put">
         <string>toAmPm</string>
         <string>AM</string>
        </void>
        <void method="put">
         <string>graphList</string>
         <string>Table</string>
        </void>
        <void method="put">
         <string>title</string>
         <string>Top Authentication Details by User Details</string>
        </void>
        <void method="put">
         <string>monthly_endday</string>
         <string>1</string>
        </void>
        <void method="put">
         <string>yaxis</string>
         <string>COUNT</string>
        </void>
        <void method="put">
         <string>selectedGroupId</string>
         <string>4118</string>
        </void>
        <void method="put">
         <string>daily_toTime</string>
         <string>1:00</string>
        </void>
        <void method="put">
         <string>xaxis</string>
         <string>Username</string>
        </void>
        <void method="put">
         <string>fromAmPm</string>
         <string>AM</string>
        </void>
        <void method="put">
         <string>fromTime</string>
         <string>1:00</string>
        </void>
        <void method="put">
         <string>topNNumber</string>
         <string>100</string>
        </void>
        <void method="put">
         <string>action</string>
         <string>none</string>
        </void>
        <void method="put">
         <string>weekly_scheduletype</string>
         <string>all</string>
        </void>
        <void method="put">
         <string>daily_toAmPm</string>
         <string>AM</string>
        </void>
        <void method="put">
         <string>toTime</string>
         <string>1:30</string>
        </void>
        <void method="put">
         <string>weekly_endday</string>
         <string>1</string>
        </void>
        <void method="put">
         <string>toDate</string>
         <string>2007-08-15</string>
        </void>
        <void method="put">
         <string>viewsDropdown</string>
         <null/>
        </void>
        <void method="put">
         <string>isValidChart</string>
         <boolean>true</boolean>
        </void>
        <void method="put">
         <string>arielQueryID</string>
         <string>7526e088-860e-4400-816e-e941837afd8e</string>
        </void>
        <void method="put">
         <string>fromDate</string>
         <string>2007-08-15</string>
        </void>
        <void method="put">
         <string>daily_fromTime</string>
         <string>1:00</string>
        </void>
        <void method="put">
         <string>netsTree</string>
         <null/>
        </void>
        <void method="put">
         <string>daily_scheduletype</string>
         <string>all</string>
        </void>
        <void method="put">
         <string>containerNumber</string>
         <string>3</string>
        </void>
        <void method="put">
         <string>scheduleType</string>
         <string>weekly</string>
        </void>
        <void method="put">
         <string>autoSubtitle</string>
         <string>checked</string>
        </void>
        <void method="put">
         <string>subtitle</string>
         <string></string>
        </void>
        <void method="put">
         <string>width</string>
         <null/>
        </void>
        <void method="put">
         <string>chartType</string>
         <int>6</int>
        </void>
        <void method="put">
         <string>timeline</string>
         <string>1440</string>
        </void>
        <void method="put">
         <string>templateContainer</string>
         <string></string>
        </void>
        <void method="put">
         <string>daily_fromAmPm</string>
         <string>AM</string>
        </void>
        <void method="put">
         <string>weekly_startday</string>
         <string>1</string>
        </void>
        <void method="put">
         <string>layersValueLocalized</string>
         <null/>
        </void>
       </object>
      </void>
     </object>
    </void>
    <void method="put">
     <string>formatPDF</string>
     <string>PDF</string>
    </void>
    <void method="put">
     <string>headerLogo</string>
     <string>default.png</string>
    </void>
    <void method="put">
     <string>default_fromDate</string>
     <string>2007-08-15</string>
    </void>
    <void method="put">
     <string>default_weekly_endday</string>
     <string>1</string>
    </void>
    <void method="put">
     <string>default_toTime</string>
     <string>1:30</string>
    </void>
    <void method="put">
     <string>hourly_fromAmPm</string>
     <string>AM</string>
    </void>
    <void method="put">
     <string>allowManualRun</string>
     <string>true</string>
    </void>
    <void method="put">
     <string>default_monthly_endday</string>
     <string>1</string>
    </void>
    <void method="put">
     <string>default_daily_fromAmPm</string>
     <string>AM</string>
    </void>
    <void method="put">
     <string>selectedLayout</string>
     <string>P3</string>
    </void>
    <void method="put">
     <string>layoutid</string>
     <string>P3</string>
    </void>
    <void method="put">
     <string>default_monthly_scheduletype</string>
     <string>all</string>
    </void>
    <void method="put">
     <string>emailAddresses</string>
     <string></string>
    </void>
    <void method="put">
     <string>default_weekly_startday</string>
     <string>1</string>
    </void>
    <void method="put">
     <string>default_daily_toAmPm</string>
     <string>AM</string>
    </void>
    <void method="put">
     <string>monthly_AmPm</string>
     <string>AM</string>
    </void>
    <void method="put">
     <string>hourly_toAmPm</string>
     <string>AM</string>
    </void>
    <void method="put">
     <string>hourly_fromTime</string>
     <string>1:00</string>
    </void>
    <void method="put">
     <string>hourly_toTime</string>
     <string>1:00</string>
    </void>
    <void method="put">
     <string>default_weekly_scheduletype</string>
     <string>all</string>
    </void>
    <void method="put">
     <string>monthly_time</string>
     <string>2:00</string>
    </void>
    <void method="put">
     <string>templateTitle</string>
     <string>Weekly User Authentication Activity </string>
    </void>
    <void method="put">
     <string>default_toDate</string>
     <string>2007-08-15</string>
    </void>
    <void method="put">
     <string>default_selectedNets</string>
     <string></string>
    </void>
    <void method="put">
     <string>distributionQradar</string>
     <string>qradarConfig</string>
    </void>
    <void method="put">
     <string>daily_AmPm</string>
     <string>AM</string>
    </void>
    <void method="put">
     <string>selectedFgroupIds</string>
     <string>10009</string>
    </void>
    <void method="put">
     <string>default_fromTime</string>
     <string>1:00</string>
    </void>
    <void method="put">
     <string>default_monthly_startday</string>
     <string>1</string>
    </void>
    <void method="put">
     <string>currentContainer</string>
     <string>3</string>
    </void>
    <void method="put">
     <string>default_daily_toTime</string>
     <string>1:00</string>
    </void>
    <void method="put">
     <string>default_daily_scheduletype</string>
     <string>all</string>
    </void>
    <void method="put">
     <string>layoutView</string>
     <string>portrait</string>
    </void>
    <void method="put">
     <string>scheduleType</string>
     <string>weekly</string>
    </void>
    <void method="put">
     <string>daily_time</string>
     <string>1:00</string>
    </void>
    <void method="put">
     <string>selectedSchedule</string>
     <string>weekly</string>
    </void>
    <void method="put">
     <string>isEdit</string>
     <string>true</string>
    </void>
    <void method="put">
     <string>templateDescription</string>
     <string>The Weekly User Authentication Activity report displays the most active users on the network for the past week based on event count.</string>
    </void>
    <void method="put">
     <string>weekly_time</string>
     <string>2:00</string>
    </void>
    <void method="put">
     <string>monthly_day</string>
     <string>1</string>
    </void>
    <void method="put">
     <string>default_toAmPm</string>
     <string>AM</string>
    </void>
    <void method="put">
     <string>default_daily_fromTime</string>
     <string>1:00</string>
    </void>
    <void method="put">
     <string>weekly_AmPm</string>
     <string>AM</string>
    </void>
    <void method="put">
     <string>week_monthly_day</string>
     <string>monday</string>
    </void>
    <void method="put">
     <string>default_fromAmPm</string>
     <string>AM</string>
    </void>
    <void method="put">
     <string>headerTitle</string>
     <string>Weekly User Authentication Activity </string>
    </void>
   </object>
  </void>
  <void property="itemUserName">
   <string>admin</string>
  </void>
  <void property="lastRunTime">
   <long>1187207935572</long>
  </void>
  <void property="layoutName">
   <string>P3</string>
  </void>
  <void property="logoFileName">
   <string>/store/reporting/reports/logos/default.png</string>
  </void>
  <void property="name">
   <string>c40ee894-ed74-47be-8699-db44d2b34745</string>
  </void>
  <void property="outputType">
   <array class="com.q1labs.reporting.ReportTemplate$OutputType" length="1">
    <void index="0">
     <object class="java.lang.Enum" method="valueOf">
      <class>com.q1labs.reporting.ReportTemplate$OutputType</class>
      <string>PDF</string>
     </object>
    </void>
   </array>
  </void>
  <void property="owner">
   <string>admin</string>
  </void>
  <void property="runManually">
   <boolean>true</boolean>
  </void>
  <void property="scheduleParam">
   <object class="com.q1labs.core.shared.scheduling.SchedulerTaskParam" id="SchedulerTaskParam0">
    <void id="SchedulerTaskParam$Days0" property="days">
     <void property="_days">
      <void index="1">
       <boolean>true</boolean>
      </void>
     </void>
    </void>
    <void property="timeToStart">
     <long>1521270001950</long>
    </void>
    <void property="type">
     <object class="java.lang.Enum" method="valueOf">
      <class>com.q1labs.core.shared.scheduling.ScheduleType</class>
      <string>WEEKLY</string>
     </object>
    </void>
   </object>
  </void>
  <void property="scheduled">
   <boolean>true</boolean>
  </void>
  <void property="title">
   <string>Weekly User Authentication Activity </string>
  </void>
 </object>
</java>
