<?xml version="1.0" encoding="UTF-8"?>
<java version="1.8.0" class="java.beans.XMLDecoder">
 <object class="com.q1labs.reporting.ReportTemplate" id="ReportTemplate0">
  <void property="author">
   <string>admin</string>
  </void>
  <void property="charts">
   <array class="com.q1labs.reporting.Chart" length="1">
    <void index="0">
     <object class="com.q1labs.reporting.charts.SQLSubreportChart" id="SQLSubreportChart0">
      <void property="dataOption">
       <string>byQVMSavedSearch</string>
      </void>
      <void property="layer">
       <string>vulnerability_count</string>
      </void>
      <void property="layerString">
       <string>Vulnerability Count</string>
      </void>
      <void property="name">
       <string>Asset Vulnerabilities</string>
      </void>
      <void property="netPath">
       <string>all</string>
      </void>
      <void property="properties">
       <void method="put">
        <string>subreportType</string>
        <string>Vulnerabilities</string>
       </void>
       <void method="put">
        <string>topTopNNumber</string>
        <string>1000</string>
       </void>
       <void method="put">
        <string>subOrderBy</string>
        <string>risk_base_score</string>
       </void>
       <void method="put">
        <string>topOrderBy</string>
        <string>vulnerability_count</string>
       </void>
       <void method="put">
        <string>subTopNNumber</string>
        <string>1000</string>
       </void>
      </void>
      <void property="reportTemplate">
       <object idref="ReportTemplate0"/>
      </void>
      <void property="searchToUse">
       <string>27</string>
      </void>
      <void property="subTitle">
       <string>QVM Saved Search: Default All</string>
      </void>
      <void property="title">
       <string>Scan Summary Report</string>
      </void>
      <void property="type">
       <object class="java.lang.Enum" method="valueOf">
        <class>com.q1labs.reporting.ChartType$Type</class>
        <string>AggregateTable</string>
       </object>
      </void>
      <void property="typeId">
       <int>8</int>
      </void>
     </object>
    </void>
   </array>
  </void>
  <void property="creationTime">
   <long>1399387220669</long>
  </void>
  <void property="descrition">
   <string></string>
  </void>
  <void property="editMap">
   <object class="java.util.HashMap">
    <void method="put">
     <string>layoutContainers</string>
     <object class="java.util.HashMap">
      <void method="put">
       <string>1</string>
       <object class="java.util.HashMap">
        <void method="put">
         <string>sub_vulnerabilities_list_value</string>
         <string></string>
        </void>
        <void method="put">
         <string>vulnerabilities_operator</string>
         <string>LIST</string>
        </void>
        <void method="put">
         <string>sub_ipAddress_list_value</string>
         <string></string>
        </void>
        <void method="put">
         <string>graphList</string>
         <string>AggregateTable</string>
        </void>
        <void method="put">
         <string>title</string>
         <string>Scan Summary Report</string>
        </void>
        <void method="put">
         <string>topOrderBy</string>
         <string>vulnerability_count</string>
        </void>
        <void method="put">
         <string>searchToUseLabel</string>
         <string>Default All</string>
        </void>
        <void method="put">
         <string>vulnerabilities_list_value</string>
         <string></string>
        </void>
        <void method="put">
         <string>subTitle</string>
         <string>QVM Saved Search: Default All</string>
        </void>
        <void method="put">
         <string>topTopNNumber</string>
         <string>1000</string>
        </void>
        <void method="put">
         <string>subOrderBy</string>
         <string>risk_base_score</string>
        </void>
        <void method="put">
         <string>action</string>
         <string>none</string>
        </void>
        <void method="put">
         <string>selectedNets</string>
         <string>all</string>
        </void>
        <void method="put">
         <string>ipAddress_list_value</string>
         <string></string>
        </void>
        <void method="put">
         <string>selectedViews</string>
         <string></string>
        </void>
        <void method="put">
         <string>layersValue</string>
         <string></string>
        </void>
        <void method="put">
         <string>toDate</string>
         <string>2014-05-06</string>
        </void>
        <void method="put">
         <string>subTopNNumber</string>
         <string>1000</string>
        </void>
        <void method="put">
         <string>viewsDropdown</string>
         <null/>
        </void>
        <void method="put">
         <string>isValidChart</string>
         <boolean>true</boolean>
        </void>
        <void method="put">
         <string>dataOption</string>
         <string>byQVMSavedSearch</string>
        </void>
        <void method="put">
         <string>fromDate</string>
         <string>2014-05-06</string>
        </void>
        <void method="put">
         <string>netsTree</string>
         <null/>
        </void>
        <void method="put">
         <string>containerNumber</string>
         <string>1</string>
        </void>
        <void method="put">
         <string>scheduleType</string>
         <string>manual</string>
        </void>
        <void method="put">
         <string>autoSubtitle</string>
         <string>checked</string>
        </void>
        <void method="put">
         <string>subtitle</string>
         <string></string>
        </void>
        <void method="put">
         <string>width</string>
         <null/>
        </void>
        <void method="put">
         <string>chartType</string>
         <int>8</int>
        </void>
        <void method="put">
         <string>subreportType</string>
         <string>Vulnerabilities</string>
        </void>
        <void method="put">
         <string>templateContainer</string>
         <string></string>
        </void>
        <void method="put">
         <string>searchToUse</string>
         <string>27</string>
        </void>
        <void method="put">
         <string>layersValueLocalized</string>
         <null/>
        </void>
       </object>
      </void>
     </object>
    </void>
    <void method="put">
     <string>formatPDF</string>
     <string>PDF</string>
    </void>
    <void method="put">
     <string>headerLogo</string>
     <string>default.png</string>
    </void>
    <void method="put">
     <string>distributedReportType</string>
     <string>single</string>
    </void>
    <void method="put">
     <string>default_fromDate</string>
     <string>2014-05-06</string>
    </void>
    <void method="put">
     <string>default_weekly_endday</string>
     <string>1</string>
    </void>
    <void method="put">
     <string>default_toTime</string>
     <string>T01:30:00</string>
    </void>
    <void method="put">
     <string>allowManualRun</string>
     <string>true</string>
    </void>
    <void method="put">
     <string>default_monthly_endday</string>
     <string>1</string>
    </void>
    <void method="put">
     <string>default_daily_fromAmPm</string>
     <string></string>
    </void>
    <void method="put">
     <string>selectedLayout</string>
     <string>P1</string>
    </void>
    <void method="put">
     <string>layoutid</string>
     <string>P1</string>
    </void>
    <void method="put">
     <string>default_timezone</string>
     <string></string>
    </void>
    <void method="put">
     <string>default_monthly_scheduletype</string>
     <string>all</string>
    </void>
    <void method="put">
     <string>emailAddresses</string>
     <string></string>
    </void>
    <void method="put">
     <string>default_weekly_startday</string>
     <string>1</string>
    </void>
    <void method="put">
     <string>default_daily_toAmPm</string>
     <string></string>
    </void>
    <void method="put">
     <string>hourly_fromTime</string>
     <string>T01:00:00</string>
    </void>
    <void method="put">
     <string>hourly_toTime</string>
     <string>T01:00:00</string>
    </void>
    <void method="put">
     <string>default_weekly_scheduletype</string>
     <string>all</string>
    </void>
    <void method="put">
     <string>monthly_time</string>
     <string>T01:00:00</string>
    </void>
    <void method="put">
     <string>templateTitle</string>
     <string>Scan Summary Report</string>
    </void>
    <void method="put">
     <string>default_toDate</string>
     <string>2014-05-06</string>
    </void>
    <void method="put">
     <string>default_selectedNets</string>
     <string>all</string>
    </void>
    <void method="put">
     <string>distributionQradar</string>
     <string>qradarConfig</string>
    </void>
    <void method="put">
     <string>selectedFgroupIds</string>
     <string>100070</string>
    </void>
    <void method="put">
     <string>default_fromTime</string>
     <string>T01:00:00</string>
    </void>
    <void method="put">
     <string>distributedEmailList</string>
     <string></string>
    </void>
    <void method="put">
     <string>default_monthly_startday</string>
     <string>1</string>
    </void>
    <void method="put">
     <string>currentContainer</string>
     <string>1</string>
    </void>
    <void method="put">
     <string>default_daily_toTime</string>
     <string>T01:30:00</string>
    </void>
    <void method="put">
     <string>default_daily_scheduletype</string>
     <string>all</string>
    </void>
    <void method="put">
     <string>layoutView</string>
     <string>portrait</string>
    </void>
    <void method="put">
     <string>distributedOption</string>
     <string></string>
    </void>
    <void method="put">
     <string>scheduleType</string>
     <string>manual</string>
    </void>
    <void method="put">
     <string>daily_time</string>
     <string>T01:00:00</string>
    </void>
    <void method="put">
     <string>selectedSchedule</string>
     <string>manual</string>
    </void>
    <void method="put">
     <string>isEdit</string>
     <string>true</string>
    </void>
    <void method="put">
     <string>templateDescription</string>
     <string></string>
    </void>
    <void method="put">
     <string>weekly_time</string>
     <string>T01:00:00</string>
    </void>
    <void method="put">
     <string>monthly_day</string>
     <string>1</string>
    </void>
    <void method="put">
     <string>default_toAmPm</string>
     <string></string>
    </void>
    <void method="put">
     <string>default_daily_fromTime</string>
     <string>T01:00:00</string>
    </void>
    <void method="put">
     <string>multipleGeneration</string>
     <string>list</string>
    </void>
    <void method="put">
     <string>week_monthly_day</string>
     <string>monday</string>
    </void>
    <void method="put">
     <string>default_fromAmPm</string>
     <string></string>
    </void>
    <void method="put">
     <string>headerTitle</string>
     <string>Scan Summary Report</string>
    </void>
   </object>
  </void>
  <void property="itemUserName">
   <string>admin</string>
  </void>
  <void property="layoutName">
   <string>P1</string>
  </void>
  <void property="logoFileName">
   <string>/store/reporting/reports/logos/default.png</string>
  </void>
  <void property="name">
   <string>ea1c4671-b8b0-4651-9e92-d7acc954f988</string>
  </void>
  <void property="outputType">
   <array class="com.q1labs.reporting.ReportTemplate$OutputType" length="1">
    <void index="0">
     <object class="java.lang.Enum" method="valueOf">
      <class>com.q1labs.reporting.ReportTemplate$OutputType</class>
      <string>PDF</string>
     </object>
    </void>
   </array>
  </void>
  <void property="owner">
   <string>admin</string>
  </void>
  <void property="runManually">
   <boolean>true</boolean>
  </void>
  <void property="title">
   <string>Scan Summary Report</string>
  </void>
 </object>
</java>
