<?xml version="1.0" encoding="UTF-8"?>
<java version="1.8.0" class="java.beans.XMLDecoder">
 <object class="com.q1labs.reporting.ReportTemplate" id="ReportTemplate0">
  <void property="author">
   <string>admin</string>
  </void>
  <void property="charts">
   <array class="com.q1labs.reporting.Chart" length="2">
    <void index="0">
     <object class="com.q1labs.reporting.charts.ArielChart">
      <void property="chartId">
       <string>4218c49c-ccd6-45d3-b254-300735233e87</string>
      </void>
      <void property="customViewParamId">
       <string>488e112f-63c0-4a24-901a-9482a00e723e</string>
      </void>
      <void property="limit">
       <int>65000</int>
      </void>
      <void property="name">
       <string>Events/Logs</string>
      </void>
      <void property="reportTemplate">
       <object idref="ReportTemplate0"/>
      </void>
      <void property="subTitle">
       <string>Successful UI Login Events</string>
      </void>
      <void property="timeFrom">
       <object class="java.util.Date">
        <long>1492056000000</long>
       </object>
      </void>
      <void property="timeTo">
       <object class="java.util.Date">
        <long>1492057800000</long>
       </object>
      </void>
      <void property="title">
       <string>UI Logins</string>
      </void>
      <void property="type">
       <object class="java.lang.Enum" id="ChartType$Type0" method="valueOf">
        <class>com.q1labs.reporting.ChartType$Type</class>
        <string>Table</string>
       </object>
      </void>
      <void property="typeId">
       <int>6</int>
      </void>
     </object>
    </void>
    <void index="1">
     <object class="com.q1labs.reporting.charts.ArielChart">
      <void property="chartId">
       <string>0525ea65-beb4-44a4-b767-8c8a8e55f3c5</string>
      </void>
      <void property="customViewParamId">
       <string>d836a985-10f3-4e1d-ba80-9bce5001c208</string>
      </void>
      <void property="limit">
       <int>65000</int>
      </void>
      <void property="name">
       <string>Events/Logs</string>
      </void>
      <void property="reportTemplate">
       <object idref="ReportTemplate0"/>
      </void>
      <void property="subTitle">
       <string>Successful SSH Login Events</string>
      </void>
      <void property="timeFrom">
       <object class="java.util.Date">
        <long>1492056000000</long>
       </object>
      </void>
      <void property="timeTo">
       <object class="java.util.Date">
        <long>1492057800000</long>
       </object>
      </void>
      <void property="title">
       <string>SSH Logins</string>
      </void>
      <void property="type">
       <object idref="ChartType$Type0"/>
      </void>
      <void property="typeId">
       <int>6</int>
      </void>
     </object>
    </void>
   </array>
  </void>
  <void property="creationTime">
   <long>1492086593469</long>
  </void>
  <void property="descrition">
   <string>All successful login events within the last week</string>
  </void>
  <void property="editMap">
   <object class="java.util.HashMap">
    <void method="put">
     <string>formatPDF</string>
     <string>PDF</string>
    </void>
    <void method="put">
     <string>headerLogo</string>
     <string>default.png</string>
    </void>
    <void method="put">
     <string>default_weekly_endday</string>
     <string>1</string>
    </void>
    <void method="put">
     <string>default_fromDate</string>
     <string>2017-04-13</string>
    </void>
    <void method="put">
     <string>allowManualRun</string>
     <string>true</string>
    </void>
    <void method="put">
     <string>default_timezone</string>
     <string>America/Halifax</string>
    </void>
    <void method="put">
     <string>default_monthly_scheduletype</string>
     <string>all</string>
    </void>
    <void method="put">
     <string>emailAddresses</string>
     <string></string>
    </void>
    <void method="put">
     <string>default_weekly_startday</string>
     <string>1</string>
    </void>
    <void method="put">
     <string>hourly_fromTime</string>
     <string>T02:00:00</string>
    </void>
    <void method="put">
     <string>hourly_toTime</string>
     <string>T02:00:00</string>
    </void>
    <void method="put">
     <string>default_weekly_scheduletype</string>
     <string>all</string>
    </void>
    <void method="put">
     <string>selectedFgroupIds</string>
     <string>100021</string>
    </void>
    <void method="put">
     <string>default_monthly_startday</string>
     <string>1</string>
    </void>
    <void method="put">
     <string>classification</string>
     <string></string>
    </void>
    <void method="put">
     <string>layoutView</string>
     <string>landscape</string>
    </void>
    <void method="put">
     <string>scheduleType</string>
     <string>manual</string>
    </void>
    <void method="put">
     <string>daily_time</string>
     <string>T02:00:00</string>
    </void>
    <void method="put">
     <string>templateDescription</string>
     <string>All successful login events within the last week</string>
    </void>
    <void method="put">
     <string>weekly_time</string>
     <string>T02:00:00</string>
    </void>
    <void method="put">
     <string>monthly_day</string>
     <string>1</string>
    </void>
    <void method="put">
     <string>default_daily_fromTime</string>
     <string>T01:00:00</string>
    </void>
    <void method="put">
     <string>headerTitle</string>
     <string>Weekly Successful Login Events</string>
    </void>
    <void method="put">
     <string>layoutContainers</string>
     <object class="java.util.HashMap">
      <void method="put">
       <string>1</string>
       <object class="java.util.HashMap">
        <void method="put">
         <string>monthly_startday</string>
         <string>1</string>
        </void>
        <void method="put">
         <string>timezone</string>
         <string>America/Halifax</string>
        </void>
        <void method="put">
         <string>monthly_scheduletype</string>
         <string>all</string>
        </void>
        <void method="put">
         <string>graphList</string>
         <string>Table</string>
        </void>
        <void method="put">
         <string>title</string>
         <string>UI Logins</string>
        </void>
        <void method="put">
         <string>monthly_endday</string>
         <string>1</string>
        </void>
        <void method="put">
         <string>selectedGroupId</string>
         <string></string>
        </void>
        <void method="put">
         <string>advanced_from_time</string>
         <string>T01:00:00</string>
        </void>
        <void method="put">
         <string>daily_toTime</string>
         <string>T01:30:00</string>
        </void>
        <void method="put">
         <string>fromTime</string>
         <string>T01:00:00</string>
        </void>
        <void method="put">
         <string>topNNumber</string>
         <string>65000</string>
        </void>
        <void method="put">
         <string>action</string>
         <string>none</string>
        </void>
        <void method="put">
         <string>weekly_scheduletype</string>
         <string>all</string>
        </void>
        <void method="put">
         <string>toTime</string>
         <string>T01:30:00</string>
        </void>
        <void method="put">
         <string>weekly_endday</string>
         <string>1</string>
        </void>
        <void method="put">
         <string>advanced_to_time</string>
         <string>T01:30:00</string>
        </void>
        <void method="put">
         <string>toDate</string>
         <string>2017-04-13</string>
        </void>
        <void method="put">
         <string>viewsDropdown</string>
         <null/>
        </void>
        <void method="put">
         <string>isValidChart</string>
         <boolean>true</boolean>
        </void>
        <void method="put">
         <string>arielQueryID</string>
         <string>488e112f-63c0-4a24-901a-9482a00e723e</string>
        </void>
        <void method="put">
         <string>fromDate</string>
         <string>2017-04-13</string>
        </void>
        <void method="put">
         <string>daily_fromTime</string>
         <string>T01:00:00</string>
        </void>
        <void method="put">
         <string>netsTree</string>
         <null/>
        </void>
        <void method="put">
         <string>daily_scheduletype</string>
         <string>all</string>
        </void>
        <void method="put">
         <string>containerNumber</string>
         <string>1</string>
        </void>
        <void method="put">
         <string>scheduleType</string>
         <string>manual</string>
        </void>
        <void method="put">
         <string>autoSubtitle</string>
         <string></string>
        </void>
        <void method="put">
         <string>subtitle</string>
         <string>Successful UI Login Events</string>
        </void>
        <void method="put">
         <string>width</string>
         <null/>
        </void>
        <void method="put">
         <string>chartType</string>
         <int>6</int>
        </void>
        <void method="put">
         <string>timeline</string>
         <string>1</string>
        </void>
        <void method="put">
         <string>templateContainer</string>
         <string></string>
        </void>
        <void method="put">
         <string>weekly_startday</string>
         <string>1</string>
        </void>
        <void method="put">
         <string>layersValueLocalized</string>
         <null/>
        </void>
       </object>
      </void>
      <void method="put">
       <string>2</string>
       <object class="java.util.HashMap">
        <void method="put">
         <string>monthly_startday</string>
         <string>1</string>
        </void>
        <void method="put">
         <string>timezone</string>
         <string>America/Halifax</string>
        </void>
        <void method="put">
         <string>monthly_scheduletype</string>
         <string>all</string>
        </void>
        <void method="put">
         <string>graphList</string>
         <string>Table</string>
        </void>
        <void method="put">
         <string>title</string>
         <string>SSH Logins</string>
        </void>
        <void method="put">
         <string>monthly_endday</string>
         <string>1</string>
        </void>
        <void method="put">
         <string>selectedGroupId</string>
         <string></string>
        </void>
        <void method="put">
         <string>advanced_from_time</string>
         <string>T01:00:00</string>
        </void>
        <void method="put">
         <string>daily_toTime</string>
         <string>T01:30:00</string>
        </void>
        <void method="put">
         <string>fromTime</string>
         <string>T01:00:00</string>
        </void>
        <void method="put">
         <string>topNNumber</string>
         <string>65000</string>
        </void>
        <void method="put">
         <string>action</string>
         <string>none</string>
        </void>
        <void method="put">
         <string>weekly_scheduletype</string>
         <string>all</string>
        </void>
        <void method="put">
         <string>toTime</string>
         <string>T01:30:00</string>
        </void>
        <void method="put">
         <string>weekly_endday</string>
         <string>1</string>
        </void>
        <void method="put">
         <string>advanced_to_time</string>
         <string>T01:30:00</string>
        </void>
        <void method="put">
         <string>toDate</string>
         <string>2017-04-13</string>
        </void>
        <void method="put">
         <string>viewsDropdown</string>
         <null/>
        </void>
        <void method="put">
         <string>isValidChart</string>
         <boolean>true</boolean>
        </void>
        <void method="put">
         <string>arielQueryID</string>
         <string>d836a985-10f3-4e1d-ba80-9bce5001c208</string>
        </void>
        <void method="put">
         <string>fromDate</string>
         <string>2017-04-13</string>
        </void>
        <void method="put">
         <string>daily_fromTime</string>
         <string>T01:00:00</string>
        </void>
        <void method="put">
         <string>netsTree</string>
         <null/>
        </void>
        <void method="put">
         <string>daily_scheduletype</string>
         <string>all</string>
        </void>
        <void method="put">
         <string>containerNumber</string>
         <string>2</string>
        </void>
        <void method="put">
         <string>scheduleType</string>
         <string>manual</string>
        </void>
        <void method="put">
         <string>autoSubtitle</string>
         <string></string>
        </void>
        <void method="put">
         <string>subtitle</string>
         <string>Successful SSH Login Events</string>
        </void>
        <void method="put">
         <string>width</string>
         <null/>
        </void>
        <void method="put">
         <string>chartType</string>
         <int>6</int>
        </void>
        <void method="put">
         <string>timeline</string>
         <string>1</string>
        </void>
        <void method="put">
         <string>templateContainer</string>
         <string></string>
        </void>
        <void method="put">
         <string>weekly_startday</string>
         <string>1</string>
        </void>
        <void method="put">
         <string>layersValueLocalized</string>
         <null/>
        </void>
       </object>
      </void>
     </object>
    </void>
    <void method="put">
     <string>pagination</string>
     <string>BOTTOM_CENTER</string>
    </void>
    <void method="put">
     <string>distributedReportType</string>
     <string>single</string>
    </void>
    <void method="put">
     <string>default_toTime</string>
     <string>T01:30:00</string>
    </void>
    <void method="put">
     <string>default_monthly_endday</string>
     <string>1</string>
    </void>
    <void method="put">
     <string>default_daily_fromAmPm</string>
     <string></string>
    </void>
    <void method="put">
     <string>selectedLayout</string>
     <string>L2</string>
    </void>
    <void method="put">
     <string>layoutid</string>
     <string>L2</string>
    </void>
    <void method="put">
     <string>default_daily_toAmPm</string>
     <string></string>
    </void>
    <void method="put">
     <string>monthly_time</string>
     <string>T02:00:00</string>
    </void>
    <void method="put">
     <string>templateTitle</string>
     <string>Weekly Successful Login Events</string>
    </void>
    <void method="put">
     <string>default_toDate</string>
     <string>2017-04-13</string>
    </void>
    <void method="put">
     <string>default_selectedNets</string>
     <string></string>
    </void>
    <void method="put">
     <string>distributionQradar</string>
     <string>qradarConfig</string>
    </void>
    <void method="put">
     <string>default_fromTime</string>
     <string>T01:00:00</string>
    </void>
    <void method="put">
     <string>distributedEmailList</string>
     <string></string>
    </void>
    <void method="put">
     <string>default_daily_toTime</string>
     <string>T01:30:00</string>
    </void>
    <void method="put">
     <string>currentContainer</string>
     <string>2</string>
    </void>
    <void method="put">
     <string>default_daily_scheduletype</string>
     <string>all</string>
    </void>
    <void method="put">
     <string>distributedOption</string>
     <string></string>
    </void>
    <void method="put">
     <string>selectedSchedule</string>
     <string>manual</string>
    </void>
    <void method="put">
     <string>isEdit</string>
     <string>true</string>
    </void>
    <void method="put">
     <string>default_toAmPm</string>
     <string></string>
    </void>
    <void method="put">
     <string>default_fromAmPm</string>
     <string></string>
    </void>
    <void method="put">
     <string>multipleGeneration</string>
     <string>list</string>
    </void>
    <void method="put">
     <string>week_monthly_day</string>
     <string>monday</string>
    </void>
   </object>
  </void>
  <void property="itemUserName">
   <string>admin</string>
  </void>
  <void property="layoutName">
   <string>L2</string>
  </void>
  <void property="logoFileName">
   <string>/store/reporting/reports/logos/default.png</string>
  </void>
  <void property="name">
   <string>6a045c15-66bf-47c4-ba5e-e5325b81a2d3</string>
  </void>
  <void property="outputType">
   <array class="com.q1labs.reporting.ReportTemplate$OutputType" length="1">
    <void index="0">
     <object class="java.lang.Enum" method="valueOf">
      <class>com.q1labs.reporting.ReportTemplate$OutputType</class>
      <string>PDF</string>
     </object>
    </void>
   </array>
  </void>
  <void property="owner">
   <string>admin</string>
  </void>
  <void property="runManually">
   <boolean>true</boolean>
  </void>
  <void property="title">
   <string>Weekly Successful Login Events</string>
  </void>
 </object>
</java>
