<?xml version="1.0" encoding="UTF-8"?>
<java version="1.8.0" class="java.beans.XMLDecoder">
 <object class="com.q1labs.reporting.ReportTemplate" id="ReportTemplate0">
  <void property="author">
   <string>admin</string>
  </void>
  <void property="charts">
   <array class="com.q1labs.reporting.Chart" length="2">
    <void index="0">
     <object class="com.q1labs.reporting.charts.QVMChart">
      <void property="columnName">
       <string>vulnerability_count</string>
      </void>
      <void property="layer">
       <string>all</string>
      </void>
      <void property="layerString">
       <string>true</string>
      </void>
      <void property="name">
       <string>Vulnerabilities</string>
      </void>
      <void property="reportTemplate">
       <object idref="ReportTemplate0"/>
      </void>
      <void property="title">
       <string>PCI Compliance Failures (last 30 days)</string>
      </void>
      <void property="typeId">
       <int>12</int>
      </void>
     </object>
    </void>
    <void index="1">
     <object class="com.q1labs.reporting.charts.QVMChart">
      <void property="columnName">
       <string>asset_count</string>
      </void>
      <void property="layer">
       <string>all</string>
      </void>
      <void property="layerString">
       <string>true</string>
      </void>
      <void property="name">
       <string>Vulnerabilities</string>
      </void>
      <void property="reportTemplate">
       <object idref="ReportTemplate0"/>
      </void>
      <void property="title">
       <string>Assets with PCI Failures (last 30 days)</string>
      </void>
      <void property="typeId">
       <int>12</int>
      </void>
     </object>
    </void>
   </array>
  </void>
  <void property="creationTime">
   <long>1367183018000</long>
  </void>
  <void property="descrition">
   <string></string>
  </void>
  <void property="editMap">
   <object class="java.util.HashMap">
    <void method="put">
     <string>layoutContainers</string>
     <object class="java.util.HashMap">
      <void method="put">
       <string>1</string>
       <object class="java.util.HashMap">
        <void method="put">
         <string>xAxis</string>
         <string>all</string>
        </void>
        <void method="put">
         <string>weeks</string>
         <string>1</string>
        </void>
        <void method="put">
         <string>monthly_startday</string>
         <string>1</string>
        </void>
        <void method="put">
         <string>fromDateYear</string>
         <string>2010</string>
        </void>
        <void method="put">
         <string>monthly_scheduletype</string>
         <string>all</string>
        </void>
        <void method="put">
         <string>orderBy</string>
         <string>vulnerabilityCount</string>
        </void>
        <void method="put">
         <string>monthlyLast</string>
         <string>1</string>
        </void>
        <void method="put">
         <string>graphList</string>
         <string>Line</string>
        </void>
        <void method="put">
         <string>groupBy</string>
         <string>all</string>
        </void>
        <void method="put">
         <string>title</string>
         <string>PCI Compliance Failures (last 30 days)</string>
        </void>
        <void method="put">
         <string>monthly_endday</string>
         <string>1</string>
        </void>
        <void method="put">
         <string>toDateYear</string>
         <string>2013</string>
        </void>
        <void method="put">
         <string>descending</string>
         <string>descending</string>
        </void>
        <void method="put">
         <string>sql</string>
         <string>SELECT &quot;all&quot;, &quot;vulnerabilityCount&quot;, &quot;vulnCount&quot;, &quot;cvssbasescore&quot;, &quot;assetCount&quot;, day FROM ( SELECT &apos;Total&apos; AS &quot;all&quot;, count(distinct(qvmui.vuln_mgt_vulnerability.vulnid)) AS &quot;vulnerabilityCount&quot;, count(distinct(qvmui.vuln_mgt_vulnerability.vulnid)) AS &quot;vulnCount&quot;, SUM(count_data.cvssbasescore) AS &quot;cvssbasescore&quot;, count(distinct(count_data.&quot;assetCount&quot;)) AS &quot;assetCount&quot;, day FROM public.vuln vulns RIGHT OUTER JOIN ( SELECT v.vulnid AS vulnid, v.assetid AS &quot;assetCount&quot;, cvssbasescore::NUMERIC(10,1), day FROM asset_reporting.vulninstance_daily v LEFT OUTER JOIN remediation.ticketexternalref ON remediation.ticketexternalref.external_ref_id = v.id LEFT OUTER JOIN remediation.assignedticket ON remediation.assignedticket.id = remediation.ticketexternalref.ticket_id LEFT OUTER JOIN ( SELECT vbm.vulnid, vbm.base_score AS cvssbasescore FROM q_catalog.vulncvssbasemetrics vbm ) cves ON cves.vulnid = v.vulnid INNER JOIN public.extref ON public.extref.vulnid = v.vulnid INNER JOIN public.extrefvalue ON public.extrefvalue.extrefvalueid = public.extref.extrefvalueid INNER JOIN public.cvssbasemetrics ON public.cvssbasemetrics.extrefvalueid = public.extrefvalue.extrefvalueid INNER JOIN public.classificationitem severity_classificationitem ON severity_classificationitem.vulnid = v.vulnid INNER JOIN public.classification severity_classification ON severity_classification.classificationid = severity_classificationitem.classificationid INNER JOIN public.classificationtype severity_classificationtype ON severity_classificationtype.classificationtypeid = severity_classification.classificationtypeid AND LOWER(severity_classificationtype.name) = &apos;pci severity&apos; WHERE v.id NOT IN (SELECT vulninstance_id FROM exception_rule.vuln_mgt_vulninstance WHERE except_until_date &gt; NOW()::DATE) AND v.id NOT IN (SELECT vulninstance_id FROM exception_rule.vuln_mgt_vulninstance WHERE except_until_date &gt; NOW()::DATE) AND v.day &gt;= CURRENT_DATE - INTERVAL &apos;30 DAY&apos; AND v.day &lt;= CURRENT_DATE - INTERVAL &apos;0 DAY&apos; AND q_catalog.vulncvssbasemetrics.base_score &gt; 4 OR severity_classification.name = &apos;Critical&apos; OR severity_classification.name = &apos;Urgent&apos; OR severity_classification.name = &apos;Major&apos; GROUP BY v.vulnid, cves.cvssbasescore, v.assetid, day ) count_data ON count_data.vulnid = vulns.vulnid LEFT OUTER JOIN qvmui.vuln_mgt_vulnerability ON qvmui.vuln_mgt_vulnerability.vulnid = vulns.vulnid GROUP BY day ) data</string>
        </void>
        <void method="put">
         <string>daily_toTime</string>
         <string>T01:30:00</string>
        </void>
        <void method="put">
         <string>timeseries</string>
         <string>true</string>
        </void>
        <void method="put">
         <string>fromTime</string>
         <string>T01:00:00</string>
        </void>
        <void method="put">
         <string>graphField</string>
         <string>vulnerability_count</string>
        </void>
        <void method="put">
         <string>weekly_scheduletype</string>
         <string>all</string>
        </void>
        <void method="put">
         <string>action</string>
         <string>none</string>
        </void>
        <void method="put">
         <string>dailyLast</string>
         <string>30</string>
        </void>
        <void method="put">
         <string>dailyToDate</string>
         <string>2013-04-28</string>
        </void>
        <void method="put">
         <string>toTime</string>
         <string>T01:30:00</string>
        </void>
        <void method="put">
         <string>weekly_endday</string>
         <string>1</string>
        </void>
        <void method="put">
         <string>dailyRecent</string>
         <string>dailyRecent</string>
        </void>
        <void method="put">
         <string>toDate</string>
         <string>2013-04-28</string>
        </void>
        <void method="put">
         <string>monthlyFromDate</string>
         <string>April</string>
        </void>
        <void method="put">
         <string>isValidChart</string>
         <boolean>true</boolean>
        </void>
        <void method="put">
         <string>monthlyRecent</string>
         <string>monthlyRecent</string>
        </void>
        <void method="put">
         <string>timeSeriesColumn</string>
         <string>day</string>
        </void>
        <void method="put">
         <string>graphBy</string>
         <string>vulnerabilityCount</string>
        </void>
        <void method="put">
         <string>fromDate</string>
         <string>2013-04-28</string>
        </void>
        <void method="put">
         <string>schedule</string>
         <string>manual</string>
        </void>
        <void method="put">
         <string>daily_fromTime</string>
         <string>T01:00:00</string>
        </void>
        <void method="put">
         <string>daily_scheduletype</string>
         <string>all</string>
        </void>
        <void method="put">
         <string>containerNumber</string>
         <string>1</string>
        </void>
        <void method="put">
         <string>dailyFromDate</string>
         <string>2013-03-14</string>
        </void>
        <void method="put">
         <string>scheduleType</string>
         <string>manual</string>
        </void>
        <void method="put">
         <string>autoSubtitle</string>
         <string></string>
        </void>
        <void method="put">
         <string>subtitle</string>
         <string>Number of vulnerabilities</string>
        </void>
        <void method="put">
         <string>width</string>
         <null/>
        </void>
        <void method="put">
         <string>monthlyToDate</string>
         <string>April</string>
        </void>
        <void method="put">
         <string>chartType</string>
         <int>12</int>
        </void>
        <void method="put">
         <string>searchToUse</string>
         <string>PCI Failures</string>
        </void>
        <void method="put">
         <string>dataToUse</string>
         <string>Daily</string>
        </void>
        <void method="put">
         <string>weekly_startday</string>
         <string>1</string>
        </void>
        <void method="put">
         <string>limitToTop</string>
         <string>10</string>
        </void>
       </object>
      </void>
      <void method="put">
       <string>2</string>
       <object class="java.util.HashMap">
        <void method="put">
         <string>xAxis</string>
         <string>all</string>
        </void>
        <void method="put">
         <string>weeks</string>
         <string>1</string>
        </void>
        <void method="put">
         <string>monthly_startday</string>
         <string>1</string>
        </void>
        <void method="put">
         <string>fromDateYear</string>
         <string>2010</string>
        </void>
        <void method="put">
         <string>monthly_scheduletype</string>
         <string>all</string>
        </void>
        <void method="put">
         <string>orderBy</string>
         <string>assetCount</string>
        </void>
        <void method="put">
         <string>monthlyLast</string>
         <string>1</string>
        </void>
        <void method="put">
         <string>graphList</string>
         <string>Line</string>
        </void>
        <void method="put">
         <string>groupBy</string>
         <string>all</string>
        </void>
        <void method="put">
         <string>title</string>
         <string>Assets with PCI Failures (last 30 days)</string>
        </void>
        <void method="put">
         <string>monthly_endday</string>
         <string>1</string>
        </void>
        <void method="put">
         <string>toDateYear</string>
         <string>2013</string>
        </void>
        <void method="put">
         <string>descending</string>
         <string>descending</string>
        </void>
        <void method="put">
         <string>sql</string>
         <string>SELECT &quot;all&quot;, &quot;vulnerabilityCount&quot;, &quot;vulnCount&quot;, &quot;cvssbasescore&quot;, &quot;assetCount&quot;, day FROM ( SELECT &apos;Total&apos; AS &quot;all&quot;, count(distinct(qvmui.vuln_mgt_vulnerability.vulnid)) AS &quot;vulnerabilityCount&quot;, count(distinct(qvmui.vuln_mgt_vulnerability.vulnid)) AS &quot;vulnCount&quot;, SUM(count_data.cvssbasescore) AS &quot;cvssbasescore&quot;, count(distinct(count_data.&quot;assetCount&quot;)) AS &quot;assetCount&quot;, day FROM public.vuln vulns RIGHT OUTER JOIN ( SELECT v.vulnid AS vulnid, v.assetid AS &quot;assetCount&quot;, cvssbasescore::NUMERIC(10,1), day FROM asset_reporting.vulninstance_daily v LEFT OUTER JOIN remediation.ticketexternalref ON remediation.ticketexternalref.external_ref_id = v.id LEFT OUTER JOIN remediation.assignedticket ON remediation.assignedticket.id = remediation.ticketexternalref.ticket_id LEFT OUTER JOIN ( SELECT vbm.vulnid, vbm.base_score AS cvssbasescore FROM q_catalog.vulncvssbasemetrics vbm ) cves ON cves.vulnid = v.vulnid INNER JOIN public.extref ON public.extref.vulnid = v.vulnid INNER JOIN public.extrefvalue ON public.extrefvalue.extrefvalueid = public.extref.extrefvalueid INNER JOIN public.cvssbasemetrics ON public.cvssbasemetrics.extrefvalueid = public.extrefvalue.extrefvalueid INNER JOIN public.classificationitem severity_classificationitem ON severity_classificationitem.vulnid = v.vulnid INNER JOIN public.classification severity_classification ON severity_classification.classificationid = severity_classificationitem.classificationid INNER JOIN public.classificationtype severity_classificationtype ON severity_classificationtype.classificationtypeid = severity_classification.classificationtypeid AND LOWER(severity_classificationtype.name) = &apos;pci severity&apos; WHERE v.id NOT IN (SELECT vulninstance_id FROM exception_rule.vuln_mgt_vulninstance WHERE except_until_date &gt; NOW()::DATE) AND v.id NOT IN (SELECT vulninstance_id FROM exception_rule.vuln_mgt_vulninstance WHERE except_until_date &gt; NOW()::DATE) AND v.day &gt;= CURRENT_DATE - INTERVAL &apos;30 DAY&apos; AND v.day &lt;= CURRENT_DATE - INTERVAL &apos;0 DAY&apos; AND q_catalog.vulncvssbasemetrics.base_score &gt; 4 OR severity_classification.name = &apos;Critical&apos; OR severity_classification.name = &apos;Urgent&apos; OR severity_classification.name = &apos;Major&apos; GROUP BY v.vulnid, cves.cvssbasescore, v.assetid, day ) count_data ON count_data.vulnid = vulns.vulnid LEFT OUTER JOIN qvmui.vuln_mgt_vulnerability ON qvmui.vuln_mgt_vulnerability.vulnid = vulns.vulnid GROUP BY day ) data</string>
        </void>
        <void method="put">
         <string>daily_toTime</string>
         <string>T01:30:00</string>
        </void>
        <void method="put">
         <string>timeseries</string>
         <string>true</string>
        </void>
        <void method="put">
         <string>fromTime</string>
         <string>T01:00:00</string>
        </void>
        <void method="put">
         <string>graphField</string>
         <string>asset_count</string>
        </void>
        <void method="put">
         <string>weekly_scheduletype</string>
         <string>all</string>
        </void>
        <void method="put">
         <string>action</string>
         <string>none</string>
        </void>
        <void method="put">
         <string>dailyLast</string>
         <string>30</string>
        </void>
        <void method="put">
         <string>dailyToDate</string>
         <string>2013-04-28</string>
        </void>
        <void method="put">
         <string>toTime</string>
         <string>T01:30:00</string>
        </void>
        <void method="put">
         <string>weekly_endday</string>
         <string>1</string>
        </void>
        <void method="put">
         <string>dailyRecent</string>
         <string>dailyRecent</string>
        </void>
        <void method="put">
         <string>toDate</string>
         <string>2013-04-28</string>
        </void>
        <void method="put">
         <string>monthlyFromDate</string>
         <string>April</string>
        </void>
        <void method="put">
         <string>isValidChart</string>
         <boolean>true</boolean>
        </void>
        <void method="put">
         <string>monthlyRecent</string>
         <string>monthlyRecent</string>
        </void>
        <void method="put">
         <string>timeSeriesColumn</string>
         <string>day</string>
        </void>
        <void method="put">
         <string>graphBy</string>
         <string>assetCount</string>
        </void>
        <void method="put">
         <string>fromDate</string>
         <string>2013-04-28</string>
        </void>
        <void method="put">
         <string>schedule</string>
         <string>manual</string>
        </void>
        <void method="put">
         <string>daily_fromTime</string>
         <string>T01:00:00</string>
        </void>
        <void method="put">
         <string>daily_scheduletype</string>
         <string>all</string>
        </void>
        <void method="put">
         <string>containerNumber</string>
         <string>2</string>
        </void>
        <void method="put">
         <string>dailyFromDate</string>
         <string>2013-03-14</string>
        </void>
        <void method="put">
         <string>scheduleType</string>
         <string>manual</string>
        </void>
        <void method="put">
         <string>autoSubtitle</string>
         <string></string>
        </void>
        <void method="put">
         <string>subtitle</string>
         <string>Number of assets</string>
        </void>
        <void method="put">
         <string>width</string>
         <null/>
        </void>
        <void method="put">
         <string>monthlyToDate</string>
         <string>April</string>
        </void>
        <void method="put">
         <string>chartType</string>
         <int>12</int>
        </void>
        <void method="put">
         <string>searchToUse</string>
         <string>PCI Failures</string>
        </void>
        <void method="put">
         <string>dataToUse</string>
         <string>Daily</string>
        </void>
        <void method="put">
         <string>weekly_startday</string>
         <string>1</string>
        </void>
        <void method="put">
         <string>limitToTop</string>
         <string>10</string>
        </void>
       </object>
      </void>
     </object>
    </void>
    <void method="put">
     <string>formatPDF</string>
     <string>PDF</string>
    </void>
    <void method="put">
     <string>headerLogo</string>
     <string>default.png</string>
    </void>
    <void method="put">
     <string>default_weekly_endday</string>
     <string>1</string>
    </void>
    <void method="put">
     <string>default_fromDate</string>
     <string>2013-04-28</string>
    </void>
    <void method="put">
     <string>default_toTime</string>
     <string>T01:30:00</string>
    </void>
    <void method="put">
     <string>default_monthly_endday</string>
     <string>1</string>
    </void>
    <void method="put">
     <string>allowManualRun</string>
     <string>true</string>
    </void>
    <void method="put">
     <string>default_daily_fromAmPm</string>
     <string></string>
    </void>
    <void method="put">
     <string>selectedLayout</string>
     <string>L2</string>
    </void>
    <void method="put">
     <string>layoutid</string>
     <string>L2</string>
    </void>
    <void method="put">
     <string>default_timezone</string>
     <string></string>
    </void>
    <void method="put">
     <string>default_monthly_scheduletype</string>
     <string>all</string>
    </void>
    <void method="put">
     <string>default_daily_toAmPm</string>
     <string></string>
    </void>
    <void method="put">
     <string>default_weekly_startday</string>
     <string>1</string>
    </void>
    <void method="put">
     <string>hourly_fromTime</string>
     <string>T01:00:00</string>
    </void>
    <void method="put">
     <string>hourly_toTime</string>
     <string>T01:30:00</string>
    </void>
    <void method="put">
     <string>default_weekly_scheduletype</string>
     <string>all</string>
    </void>
    <void method="put">
     <string>templateTitle</string>
     <string>Weekly PCI Compliance Failures</string>
    </void>
    <void method="put">
     <string>monthly_time</string>
     <string>T01:00:00</string>
    </void>
    <void method="put">
     <string>default_toDate</string>
     <string>2013-04-28</string>
    </void>
    <void method="put">
     <string>default_selectedNets</string>
     <string></string>
    </void>
    <void method="put">
     <string>distributionQradar</string>
     <string>qradarConfig</string>
    </void>
    <void method="put">
     <string>selectedFgroupIds</string>
     <string></string>
    </void>
    <void method="put">
     <string>default_fromTime</string>
     <string>T01:00:00</string>
    </void>
    <void method="put">
     <string>default_monthly_startday</string>
     <string>1</string>
    </void>
    <void method="put">
     <string>runReportNow</string>
     <string>runReportNow</string>
    </void>
    <void method="put">
     <string>currentContainer</string>
     <string>2</string>
    </void>
    <void method="put">
     <string>default_daily_toTime</string>
     <string>T01:30:00</string>
    </void>
    <void method="put">
     <string>default_daily_scheduletype</string>
     <string>all</string>
    </void>
    <void method="put">
     <string>layoutView</string>
     <string>landscape</string>
    </void>
    <void method="put">
     <string>scheduleType</string>
     <string>manual</string>
    </void>
    <void method="put">
     <string>daily_time</string>
     <string>T01:00:00</string>
    </void>
    <void method="put">
     <string>selectedSchedule</string>
     <string>manual</string>
    </void>
    <void method="put">
     <string>isEdit</string>
     <string>false</string>
    </void>
    <void method="put">
     <string>weekly_time</string>
     <string>T01:00:00</string>
    </void>
    <void method="put">
     <string>default_toAmPm</string>
     <string></string>
    </void>
    <void method="put">
     <string>monthly_day</string>
     <string>1</string>
    </void>
    <void method="put">
     <string>default_daily_fromTime</string>
     <string>T01:00:00</string>
    </void>
    <void method="put">
     <string>default_fromAmPm</string>
     <string></string>
    </void>
    <void method="put">
     <string>week_monthly_day</string>
     <string>monday</string>
    </void>
    <void method="put">
     <string>headerTitle</string>
     <string>Weekly PCI Compliance Failures</string>
    </void>
   </object>
  </void>
  <void property="itemUserName">
   <string>admin</string>
  </void>
  <void property="layoutName">
   <string>L2</string>
  </void>
  <void property="logoFileName">
   <string>/store/reporting/reports/logos/default.png</string>
  </void>
  <void property="name">
   <string>463779d7-b894-41cc-943a-2e8950fd1bc1</string>
  </void>
  <void property="outputType">
   <array class="com.q1labs.reporting.ReportTemplate$OutputType" length="1">
    <void index="0">
     <object class="java.lang.Enum" method="valueOf">
      <class>com.q1labs.reporting.ReportTemplate$OutputType</class>
      <string>PDF</string>
     </object>
    </void>
   </array>
  </void>
  <void property="owner">
   <string>admin</string>
  </void>
  <void property="runManually">
   <boolean>true</boolean>
  </void>
  <void property="title">
   <string>Weekly PCI Compliance Failures</string>
  </void>
 </object>
</java>
