<?xml version="1.0" encoding="UTF-8"?>
<java version="1.8.0" class="java.beans.XMLDecoder">
 <object class="com.q1labs.reporting.ReportTemplate" id="ReportTemplate0">
  <void property="author">
   <string>admin</string>
  </void>
  <void property="charts">
   <array class="com.q1labs.reporting.Chart" length="2">
    <void index="0">
     <object class="com.q1labs.reporting.charts.QVMChart">
      <void property="columnName">
       <string>vulnerability_count</string>
      </void>
      <void property="layer">
       <string>vulnerability</string>
      </void>
      <void property="layerString">
       <string>false</string>
      </void>
      <void property="name">
       <string>Vulnerabilities</string>
      </void>
      <void property="reportTemplate">
       <object idref="ReportTemplate0"/>
      </void>
      <void property="subTitle">
       <string>PCI Failures</string>
      </void>
      <void property="title">
       <string>Vulnerabilities</string>
      </void>
      <void property="type">
       <object class="java.lang.Enum" id="ChartType$Type0" method="valueOf">
        <class>com.q1labs.reporting.ChartType$Type</class>
        <string>Table</string>
       </object>
      </void>
      <void property="typeId">
       <int>12</int>
      </void>
     </object>
    </void>
    <void index="1">
     <object class="com.q1labs.reporting.charts.QVMChart">
      <void property="columnName">
       <string>vulnerability_count</string>
      </void>
      <void property="layer">
       <string>asset</string>
      </void>
      <void property="layerString">
       <string>false</string>
      </void>
      <void property="name">
       <string>Vulnerabilities</string>
      </void>
      <void property="reportTemplate">
       <object idref="ReportTemplate0"/>
      </void>
      <void property="subTitle">
       <string>PCI Failures</string>
      </void>
      <void property="title">
       <string>Assets</string>
      </void>
      <void property="type">
       <object idref="ChartType$Type0"/>
      </void>
      <void property="typeId">
       <int>12</int>
      </void>
     </object>
    </void>
   </array>
  </void>
  <void property="creationTime">
   <long>1367182625000</long>
  </void>
  <void property="descrition">
   <string></string>
  </void>
  <void property="editMap">
   <object class="java.util.HashMap">
    <void method="put">
     <string>layoutContainers</string>
     <object class="java.util.HashMap">
      <void method="put">
       <string>1</string>
       <object class="java.util.HashMap">
        <void method="put">
         <string>xAxis</string>
         <string>osvdbTitle</string>
        </void>
        <void method="put">
         <string>weeks</string>
         <string>1</string>
        </void>
        <void method="put">
         <string>monthly_startday</string>
         <string>1</string>
        </void>
        <void method="put">
         <string>monthly_scheduletype</string>
         <string>all</string>
        </void>
        <void method="put">
         <string>orderBy</string>
         <string>vulnerabilityCount</string>
        </void>
        <void method="put">
         <string>monthlyLast</string>
         <string>1</string>
        </void>
        <void method="put">
         <string>graphList</string>
         <string>Table</string>
        </void>
        <void method="put">
         <string>groupBy</string>
         <string>vulnerability</string>
        </void>
        <void method="put">
         <string>title</string>
         <string>Vulnerabilities</string>
        </void>
        <void method="put">
         <string>monthly_endday</string>
         <string>1</string>
        </void>
        <void method="put">
         <string>descending</string>
         <string>descending</string>
        </void>
        <void method="put">
         <string>sql</string>
         <string>SELECT count_data.vulnid AS &quot;vulnId&quot;, vulns.osvdbtitle AS &quot;osvdbTitle&quot;, qvmui.vuln_mgt_vulnerability.risk AS &quot;riskFactor&quot;, qvmui.vuln_mgt_vulnerability.risk_id AS &quot;riskFactorId&quot;, qvmui.vuln_mgt_vulnerability.pci_severity AS &quot;pciSeverity&quot;, qvmui.vuln_mgt_vulnerability.pci_severity_id AS &quot;pciSeverityId&quot;, count_data.&quot;assetCount&quot; AS &quot;numOfDistinctAssetsVuln&quot;, count_data.&quot;assetCount&quot; AS &quot;vulnerabilityCount&quot;, count_data.&quot;openserviceinstance_count&quot; AS &quot;numOfOpenServicesVuln&quot;, count_data.notassigned_count AS &quot;numOfUnassignedVuln&quot;, count_data.overdue_count AS &quot;numOfOverdue&quot;, SUM(count_data.&quot;assetCount&quot;) OVER (PARTITION BY vulns.osvdbtitle) AS &quot;vulnCount&quot;, CASE WHEN (qvmui.vuln_mgt_vulnerability.cveids ~ &apos;,&apos;) THEN &apos;Multiple&apos; || &apos;(&apos; || qvmui.vuln_mgt_vulnerability.numofcves || &apos;)&apos; ELSE qvmui.vuln_mgt_vulnerability.cveids END AS &quot;cveId&quot;, count_data.score AS &quot;cvssScore&quot;, qvmui.vuln_mgt_vulnerability.cveids AS &quot;cveIdToolTip&quot;, count_data.score * count_data.&quot;assetCount&quot; AS &quot;cvssbasescore&quot;, count_data.&quot;assetCount&quot; AS &quot;assetCount&quot; FROM public.vuln vulns RIGHT OUTER JOIN ( SELECT v.vulnid AS vulnid, COUNT(DISTINCT v.assetid) AS &quot;assetCount&quot;, COUNT(DISTINCT v.id) AS instances_count, COUNT(DISTINCT v.vulnid) AS vulnerability_count, array_upper(ARRAY(SELECT DISTINCT UNNEST(array_agg_accum(ports)::int[])),1) as openserviceinstance_count, COUNT((CASE WHEN remediation.ticketexternalref.external_ref_id IS NULL THEN TRUE ELSE NULL END)) AS notassigned_count, COUNT( (CASE WHEN CURRENT_TIMESTAMP &gt; remediation.assignedticket.due_date AND ( remediation.assignedticket.status = &apos;opened&apos; OR remediation.assignedticket.status = &apos;reopened&apos; ) THEN TRUE ELSE NULL END) ) AS overdue_count, vbmscore.base_score as score FROM asset.vulninstance v LEFT OUTER JOIN ( SELECT asset.portvulnxref.vulninstanceid, ARRAY_AGG( q_catalog.layer7applicationvariant.layer7applicationid::integer) as ports FROM asset.portvulnxref INNER JOIN asset.port on asset.port.id = asset.portvulnxref.portid INNER JOIN q_catalog.layer7applicationvariant on q_catalog.layer7applicationvariant.id = asset.port.layer7applicationvariantid WHERE asset.port.layer7applicationvariantid IS NOT NULL AND q_catalog.layer7applicationvariant.layer7applicationid IS NOT NULL GROUP BY asset.portvulnxref.vulninstanceid ) subcount ON subcount.vulninstanceid = v.id LEFT OUTER JOIN remediation.ticketexternalref ON remediation.ticketexternalref.external_ref_id = v.id LEFT OUTER JOIN remediation.assignedticket ON remediation.assignedticket.id = remediation.ticketexternalref.ticket_id LEFT OUTER JOIN q_catalog.vulncvssbasemetrics vbmscore ON vbmscore.vulnid = v.vulnid INNER JOIN q_catalog.vulncvssbasemetrics ON q_catalog.vulncvssbasemetrics.vulnid = v.vulnid INNER JOIN public.classificationitem severity_classificationitem ON severity_classificationitem.vulnid = v.vulnid INNER JOIN public.classification severity_classification ON severity_classification.classificationid = severity_classificationitem.classificationid INNER JOIN public.classificationtype severity_classificationtype ON severity_classificationtype.classificationtypeid = severity_classification.classificationtypeid AND LOWER(severity_classificationtype.name) = &apos;pci severity&apos; WHERE (1 = 1) AND q_catalog.vulncvssbasemetrics.base_score &gt; 4 OR severity_classification.name = &apos;Critical&apos; OR severity_classification.name = &apos;Urgent&apos; OR severity_classification.name = &apos;Major&apos; GROUP BY v.vulnid, score ) count_data on count_data.vulnid = vulns.vulnid LEFT OUTER JOIN qvmui.vuln_mgt_vulnerability ON qvmui.vuln_mgt_vulnerability.vulnid = vulns.vulnid ORDER BY &quot;vulnerabilityCount&quot; DESC LIMIT 10000 ;</string>
        </void>
        <void method="put">
         <string>daily_toTime</string>
         <string>T01:30:00</string>
        </void>
        <void method="put">
         <string>timeseries</string>
         <string>false</string>
        </void>
        <void method="put">
         <string>fromTime</string>
         <string>T01:00:00</string>
        </void>
        <void method="put">
         <string>graphField</string>
         <string>vulnerability_count</string>
        </void>
        <void method="put">
         <string>weekly_scheduletype</string>
         <string>all</string>
        </void>
        <void method="put">
         <string>action</string>
         <string>none</string>
        </void>
        <void method="put">
         <string>dailyLast</string>
         <string>1</string>
        </void>
        <void method="put">
         <string>dailyToDate</string>
         <string>2013-04-28</string>
        </void>
        <void method="put">
         <string>toTime</string>
         <string>T01:30:00</string>
        </void>
        <void method="put">
         <string>weekly_endday</string>
         <string>1</string>
        </void>
        <void method="put">
         <string>dailyRecent</string>
         <string>dailyRecent</string>
        </void>
        <void method="put">
         <string>toDate</string>
         <string>2013-04-28</string>
        </void>
        <void method="put">
         <string>isValidChart</string>
         <boolean>true</boolean>
        </void>
        <void method="put">
         <string>monthlyRecent</string>
         <string>monthlyRecent</string>
        </void>
        <void method="put">
         <string>graphBy</string>
         <string>vulnerabilityCount</string>
        </void>
        <void method="put">
         <string>fromDate</string>
         <string>2013-04-28</string>
        </void>
        <void method="put">
         <string>schedule</string>
         <string>manual</string>
        </void>
        <void method="put">
         <string>daily_fromTime</string>
         <string>T01:00:00</string>
        </void>
        <void method="put">
         <string>daily_scheduletype</string>
         <string>all</string>
        </void>
        <void method="put">
         <string>containerNumber</string>
         <string>1</string>
        </void>
        <void method="put">
         <string>dailyFromDate</string>
         <string>2013-03-14</string>
        </void>
        <void method="put">
         <string>scheduleType</string>
         <string>manual</string>
        </void>
        <void method="put">
         <string>autoSubtitle</string>
         <string></string>
        </void>
        <void method="put">
         <string>subtitle</string>
         <string></string>
        </void>
        <void method="put">
         <string>width</string>
         <null/>
        </void>
        <void method="put">
         <string>chartType</string>
         <int>12</int>
        </void>
        <void method="put">
         <string>searchToUse</string>
         <string>PCI Failures</string>
        </void>
        <void method="put">
         <string>dataToUse</string>
         <string>Current</string>
        </void>
        <void method="put">
         <string>weekly_startday</string>
         <string>1</string>
        </void>
        <void method="put">
         <string>limitToTop</string>
         <string>10000</string>
        </void>
       </object>
      </void>
      <void method="put">
       <string>2</string>
       <object class="java.util.HashMap">
        <void method="put">
         <string>xAxis</string>
         <string>ipAddress</string>
        </void>
        <void method="put">
         <string>weeks</string>
         <string>1</string>
        </void>
        <void method="put">
         <string>monthly_startday</string>
         <string>1</string>
        </void>
        <void method="put">
         <string>fromDateYear</string>
         <string>2010</string>
        </void>
        <void method="put">
         <string>monthly_scheduletype</string>
         <string>all</string>
        </void>
        <void method="put">
         <string>orderBy</string>
         <string>vulnerabilityCount</string>
        </void>
        <void method="put">
         <string>monthlyLast</string>
         <string>1</string>
        </void>
        <void method="put">
         <string>graphList</string>
         <string>Table</string>
        </void>
        <void method="put">
         <string>groupBy</string>
         <string>asset</string>
        </void>
        <void method="put">
         <string>title</string>
         <string>Assets</string>
        </void>
        <void method="put">
         <string>monthly_endday</string>
         <string>1</string>
        </void>
        <void method="put">
         <string>toDateYear</string>
         <string>2013</string>
        </void>
        <void method="put">
         <string>descending</string>
         <string>descending</string>
        </void>
        <void method="put">
         <string>sql</string>
         <string>SELECT qvmui.vuln_mgt_asset.asset_id AS &quot;assetId&quot;, qvmui.vuln_mgt_asset.display_ipv4address_str AS &quot;ipAddress&quot;, count_data.assetname AS &quot;assetName&quot;, count_data.&quot;vulnerabilityCount&quot; AS &quot;vulnInstances&quot;, count_data.&quot;vulnerabilityCount&quot; AS &quot;vulnerabilityCount&quot;, count_data.notassigned_count AS &quot;unassigned&quot;, count_data.overdue_count AS &quot;overdue&quot;, count_data.openserviceinstance_count AS &quot;openServices&quot;, qvmui.vuln_mgt_asset.total_score::NUMERIC(10,1) AS &quot;score&quot;, qvmui.vuln_mgt_asset.total_score::NUMERIC(10,1) AS &quot;cvssbasescore&quot;, SUM(count_data.&quot;vulnerabilityCount&quot;) OVER (PARTITION BY qvmui.vuln_mgt_asset.display_ipv4address_str) AS &quot;vulnCount&quot;, count_data.&quot;assetCount&quot; AS &quot;assetCount&quot; FROM qvmui.vuln_mgt_asset RIGHT OUTER JOIN ( SELECT v.assetid AS v_asset_id, ARRAY_UPPER(ARRAY(SELECT DISTINCT UNNEST(array_agg_accum(ports)::int[])),1) AS openserviceinstance_count, COUNT(DISTINCT v.id) AS instances_count, COUNT(DISTINCT v.vulnid) AS &quot;vulnerabilityCount&quot;, COUNT((CASE WHEN remediation.ticketexternalref.external_ref_id IS NULL THEN TRUE ELSE NULL END)) AS notassigned_count, COUNT( (CASE WHEN CURRENT_TIMESTAMP &gt; remediation.assignedticket.due_date AND ( remediation.assignedticket.status = &apos;opened&apos; OR remediation.assignedticket.status = &apos;reopened&apos; ) THEN TRUE ELSE NULL END) ) AS overdue_count, assetproperty_data.assetname, COUNT(DISTINCT v.assetid) AS &quot;assetCount&quot; FROM asset.vulninstance v LEFT OUTER JOIN remediation.ticketexternalref ON remediation.ticketexternalref.external_ref_id = v.id LEFT OUTER JOIN remediation.assignedticket ON remediation.assignedticket.id = remediation.ticketexternalref.ticket_id LEFT OUTER JOIN ( SELECT asset.assetproperty.assetid AS assetid, array_to_string(array_agg(CASE WHEN asset.assetproperty.assetpropertytypeid = ( SELECT id from asset.assetpropertytype WHERE LOWER(typename) LIKE &apos;unified name&apos;) THEN asset.assetproperty.propertyvalue ELSE NULL END), &apos;,&apos;) AS assetname FROM asset.assetproperty GROUP BY asset.assetproperty.assetid ) assetproperty_data ON assetproperty_data.assetid = v.assetid LEFT OUTER JOIN ( SELECT asset.portvulnxref.vulninstanceid, ARRAY_AGG( q_catalog.layer7applicationvariant.layer7applicationid::integer) as ports FROM asset.portvulnxref INNER JOIN asset.port on asset.port.id = asset.portvulnxref.portid INNER JOIN q_catalog.layer7applicationvariant on q_catalog.layer7applicationvariant.id = asset.port.layer7applicationvariantid WHERE asset.port.layer7applicationvariantid IS NOT NULL AND q_catalog.layer7applicationvariant.layer7applicationid IS NOT NULL GROUP BY asset.portvulnxref.vulninstanceid ) subcount ON subcount.vulninstanceid = v.id INNER JOIN q_catalog.vulncvssbasemetrics ON q_catalog.vulncvssbasemetrics.vulnid = v.vulnid INNER JOIN public.classificationitem severity_classificationitem ON severity_classificationitem.vulnid = v.vulnid INNER JOIN public.classification severity_classification ON severity_classification.classificationid = severity_classificationitem.classificationid INNER JOIN public.classificationtype severity_classificationtype ON severity_classificationtype.classificationtypeid = severity_classification.classificationtypeid AND LOWER(severity_classificationtype.name) = &apos;pci severity&apos; WHERE (1 = 1) AND q_catalog.vulncvssbasemetrics.base_score &gt; 4 OR severity_classification.name = &apos;Critical&apos; OR severity_classification.name = &apos;Urgent&apos; OR severity_classification.name = &apos;Major&apos; GROUP BY v_asset_id, assetname ) count_data ON count_data.v_asset_id = qvmui.vuln_mgt_asset.asset_id ORDER BY &quot;vulnerabilityCount&quot; DESC LIMIT 10000 ;</string>
        </void>
        <void method="put">
         <string>daily_toTime</string>
         <string>T01:30:00</string>
        </void>
        <void method="put">
         <string>timeseries</string>
         <string>false</string>
        </void>
        <void method="put">
         <string>fromTime</string>
         <string>T01:00:00</string>
        </void>
        <void method="put">
         <string>graphField</string>
         <string>vulnerability_count</string>
        </void>
        <void method="put">
         <string>weekly_scheduletype</string>
         <string>all</string>
        </void>
        <void method="put">
         <string>action</string>
         <string>none</string>
        </void>
        <void method="put">
         <string>dailyLast</string>
         <string>1</string>
        </void>
        <void method="put">
         <string>dailyToDate</string>
         <string>2013-04-28</string>
        </void>
        <void method="put">
         <string>toTime</string>
         <string>T01:30:00</string>
        </void>
        <void method="put">
         <string>weekly_endday</string>
         <string>1</string>
        </void>
        <void method="put">
         <string>dailyRecent</string>
         <string>dailyRecent</string>
        </void>
        <void method="put">
         <string>toDate</string>
         <string>2013-04-28</string>
        </void>
        <void method="put">
         <string>monthlyFromDate</string>
         <string>April</string>
        </void>
        <void method="put">
         <string>isValidChart</string>
         <boolean>true</boolean>
        </void>
        <void method="put">
         <string>monthlyRecent</string>
         <string>monthlyRecent</string>
        </void>
        <void method="put">
         <string>graphBy</string>
         <string>vulnerabilityCount</string>
        </void>
        <void method="put">
         <string>fromDate</string>
         <string>2013-04-28</string>
        </void>
        <void method="put">
         <string>schedule</string>
         <string>manual</string>
        </void>
        <void method="put">
         <string>daily_fromTime</string>
         <string>T01:00:00</string>
        </void>
        <void method="put">
         <string>daily_scheduletype</string>
         <string>all</string>
        </void>
        <void method="put">
         <string>containerNumber</string>
         <string>2</string>
        </void>
        <void method="put">
         <string>dailyFromDate</string>
         <string>2013-03-14</string>
        </void>
        <void method="put">
         <string>scheduleType</string>
         <string>manual</string>
        </void>
        <void method="put">
         <string>autoSubtitle</string>
         <string></string>
        </void>
        <void method="put">
         <string>subtitle</string>
         <string></string>
        </void>
        <void method="put">
         <string>width</string>
         <null/>
        </void>
        <void method="put">
         <string>monthlyToDate</string>
         <string>April</string>
        </void>
        <void method="put">
         <string>chartType</string>
         <int>12</int>
        </void>
        <void method="put">
         <string>searchToUse</string>
         <string>PCI Failures</string>
        </void>
        <void method="put">
         <string>dataToUse</string>
         <string>Current</string>
        </void>
        <void method="put">
         <string>weekly_startday</string>
         <string>1</string>
        </void>
        <void method="put">
         <string>limitToTop</string>
         <string>10000</string>
        </void>
       </object>
      </void>
     </object>
    </void>
    <void method="put">
     <string>formatPDF</string>
     <string>PDF</string>
    </void>
    <void method="put">
     <string>headerLogo</string>
     <string>default.png</string>
    </void>
    <void method="put">
     <string>default_weekly_endday</string>
     <string>1</string>
    </void>
    <void method="put">
     <string>default_fromDate</string>
     <string>2013-04-28</string>
    </void>
    <void method="put">
     <string>default_toTime</string>
     <string>T01:30:00</string>
    </void>
    <void method="put">
     <string>default_monthly_endday</string>
     <string>1</string>
    </void>
    <void method="put">
     <string>allowManualRun</string>
     <string>true</string>
    </void>
    <void method="put">
     <string>default_daily_fromAmPm</string>
     <string></string>
    </void>
    <void method="put">
     <string>selectedLayout</string>
     <string>L2</string>
    </void>
    <void method="put">
     <string>layoutid</string>
     <string>L2</string>
    </void>
    <void method="put">
     <string>default_timezone</string>
     <string></string>
    </void>
    <void method="put">
     <string>default_monthly_scheduletype</string>
     <string>all</string>
    </void>
    <void method="put">
     <string>default_daily_toAmPm</string>
     <string></string>
    </void>
    <void method="put">
     <string>default_weekly_startday</string>
     <string>1</string>
    </void>
    <void method="put">
     <string>hourly_fromTime</string>
     <string>T01:00:00</string>
    </void>
    <void method="put">
     <string>hourly_toTime</string>
     <string>T01:30:00</string>
    </void>
    <void method="put">
     <string>default_weekly_scheduletype</string>
     <string>all</string>
    </void>
    <void method="put">
     <string>templateTitle</string>
     <string>PCI Compliance Failures</string>
    </void>
    <void method="put">
     <string>monthly_time</string>
     <string>T01:00:00</string>
    </void>
    <void method="put">
     <string>default_toDate</string>
     <string>2013-04-28</string>
    </void>
    <void method="put">
     <string>default_selectedNets</string>
     <string></string>
    </void>
    <void method="put">
     <string>distributionQradar</string>
     <string>qradarConfig</string>
    </void>
    <void method="put">
     <string>selectedFgroupIds</string>
     <string></string>
    </void>
    <void method="put">
     <string>default_fromTime</string>
     <string>T01:00:00</string>
    </void>
    <void method="put">
     <string>default_monthly_startday</string>
     <string>1</string>
    </void>
    <void method="put">
     <string>runReportNow</string>
     <string>runReportNow</string>
    </void>
    <void method="put">
     <string>currentContainer</string>
     <string>2</string>
    </void>
    <void method="put">
     <string>default_daily_toTime</string>
     <string>T01:30:00</string>
    </void>
    <void method="put">
     <string>default_daily_scheduletype</string>
     <string>all</string>
    </void>
    <void method="put">
     <string>layoutView</string>
     <string>landscape</string>
    </void>
    <void method="put">
     <string>scheduleType</string>
     <string>manual</string>
    </void>
    <void method="put">
     <string>daily_time</string>
     <string>T01:00:00</string>
    </void>
    <void method="put">
     <string>selectedSchedule</string>
     <string>manual</string>
    </void>
    <void method="put">
     <string>isEdit</string>
     <string>false</string>
    </void>
    <void method="put">
     <string>weekly_time</string>
     <string>T01:00:00</string>
    </void>
    <void method="put">
     <string>default_toAmPm</string>
     <string></string>
    </void>
    <void method="put">
     <string>monthly_day</string>
     <string>1</string>
    </void>
    <void method="put">
     <string>default_daily_fromTime</string>
     <string>T01:00:00</string>
    </void>
    <void method="put">
     <string>default_fromAmPm</string>
     <string></string>
    </void>
    <void method="put">
     <string>week_monthly_day</string>
     <string>monday</string>
    </void>
    <void method="put">
     <string>headerTitle</string>
     <string>PCI Compliance Failures</string>
    </void>
   </object>
  </void>
  <void property="itemUserName">
   <string>admin</string>
  </void>
  <void property="layoutName">
   <string>L2</string>
  </void>
  <void property="logoFileName">
   <string>/store/reporting/reports/logos/default.png</string>
  </void>
  <void property="name">
   <string>8215bb81-6e27-4598-b802-8595dface83d</string>
  </void>
  <void property="outputType">
   <array class="com.q1labs.reporting.ReportTemplate$OutputType" length="1">
    <void index="0">
     <object class="java.lang.Enum" method="valueOf">
      <class>com.q1labs.reporting.ReportTemplate$OutputType</class>
      <string>PDF</string>
     </object>
    </void>
   </array>
  </void>
  <void property="owner">
   <string>admin</string>
  </void>
  <void property="runManually">
   <boolean>true</boolean>
  </void>
  <void property="title">
   <string>PCI Compliance Failures</string>
  </void>
 </object>
</java>
